6|6|6|1|3|3|3|12|12|Judul album baru Jackson diambil dari salah satu judul lagunya yang bertajuk Xscape
6|6|7|1|24|24|3|11|11|Vidi Aldiano salah satu penyanyi yang dipercaya berada di album " Melody_Chrisye " mengaku bangga karena bisa memberikan suaranya dan menyanyikan lagu - lagu Chrisye dengan nuansa yang berbeda
6|6|6|1|0|0|3|7|7|Kim_Hyun_Joong baru saja merilis album terbarunya bertajuk Round3
6|6|6|1|0|0|3|14|14|Marcell_Siahaan mengungkapkan , di tahun 2018 nanti dirinya akan merilis album terbarunya yang bertajuk Menurut_Saya
7|7|7|1|13|13|3|7|7|Track yang juga menjadi judul album , Oh_My_My adalah anthem funk yang menggandeng Cassius
6|6|6|1|2|2|3|29|29|com - Iwan_Fals mengajak grup band lainnya yang tergabung di bawah label Musica Studio seperti NOAH , Geisha , Nidji dan d Masiv untuk menggarap sebuah project album bertajuk SATU
6|6|6|1|9|9|3|19|19|Junho 2 PM - 11 September Personel 2 PM Junho mencoba untuk berkarier solo dengan merilis album mini bertajuk Canvas
6|6|6|1|2|2|3|17|17|JAKARTA - Katy_Perry menggaet rapper Nikcy Minaj untuk single terbarunya yang berjudul Swish Swish dari album kelima Witnes
6|6|6|1|6|6|3|14|14|Lagu - lagu terakhir yang direkam Bowie itu akan terdapat di dalam album bertajuk Lazarus_Cast_Album , termasuk lagu berjudul Lazarus yang sebelumnya terdapat di album Blackstar ( 2015 )
6|6|6|1|4|4|3|14|14|COM - Grup musik HIVI merilis album keduanya pada 23 Maret 2017 yang bertajuk Kereta_Kencan
6|6|6|1|12|12|3|19|19|Molino Pramuka sebagai salah satu unit usaha kwartir nasional gerakan pramuka , Radja pun tengah menyiapkan sebuah album bertajuk Dari_Radja_Untuk_Pramuka_Indonesia
7|7|7|1|4|4|3|23|23|Album yang diproduseri oleh Michael " Elvis " Baskette , yang juga memproduseri album Trivium , Limp Bizkit , Stone Temple Pilots , Incubus , dan lainnya
6|6|7|1|6|6|3|12|12|Tiga dari album yang ditelurkan oleh Soundgarden , termasuk album yang berjudul Superunknown ( 1994 ) berhasil menyabet penghargaan platinum
7|7|7|1|7|7|3|21|21|ID , SEOUL - - Pimpinan grup Big_Bang , G Dragon baru saja meluncurkan dua dari tiga bagian album terbarunya bertajuk Coup_d_Etat
6|6|6|1|0|0|3|4|4|FT_ISLAND akan merilis album I_WIll , 23 Maret mendatang
6|6|6|1|6|6|3|10|10|Pada 14 April 1965 , album lenso pun dirilis bertajuk Bersuka_Ria_Dengan_Irama_Lenso
6|6|6|1|10|10|3|23|23|Di tahun 2012 ini , band pengusung alternative metal , Papa Roach , akan kembali dengan album ke delapan mereka yang diberi judul The_Connection
7|7|6|1|18|18|3|12|12|com - Beberapa musisi papan atas berkolaborasi dalam sebuah album yang berjudul SATU , beberapa di antaranya adalah Ariel NOAH , Iwan Fals dan Ryan d Masiv
6|6|6|1|2|2|3|13|13|Sebelumnya , Billy_Ray_Cyrus menduduki peringkat yang sama selama 17 minggu dengan album berjudul Some_Gave_All pada 1992
6|6|7|1|17|17|3|15|15|Selain dengan Lily , Greg pun pernah memproduseri album Truth About Love milik Pink dan Wrapped_in_Red punya Kelly_Clarkson
6|6|6|1|12|12|3|15|15|Single M A N I A akan masuk ke dalam album barunya The_Weeknd yang bertajuk Starboy , dirilis pada esok hari 25 November 2016
6|6|6|1|9|9|3|15|15|com - Satu tahun berlalu setelah masa transisi , CJR merilis debut album mereka bertajuk LEBIH_BAIK
7|7|7|1|20|20|3|5|5|Dalam album yang diberi judul Reincarnated itu , Snoop yang kali ini berganti nama menjadi Snoop Lion itu menggaet aktor Eddie_Murphy
6|6|6|1|34|34|3|53|53|JYP Entertainment merilis poster fanmeeting kedua Suzy bertajuk Suzys Attic #2 yang akan diselenggarakan bertepatan pada hari ulang tahunnya yaitu 10 Oktober di Baekam Art Hall pukul 8 malam Waktu Korea Mengutip Allkpop , Suzy akan kembali menunjukkan sisi penyanyinya dalam fan meeting tersebut dengan menampilkan lagu - lagu dari mini album pertamanya Yes_?_No_?
6|6|6|1|9|9|3|6|6|Pada comeback yang menandai peluncuran minialbum Love_Yourself_Her tersebut , BTS juga mengajak Army bernostalgia dengan menyanyikan No More Dream , single debut mereka pada 2013
6|6|6|1|3|3|3|8|8|Tahun lalu , Trainor kembali merilis album bertajuk Thank_You yang juga berhasil menduduki posisi 3 di Billboard 200
6|6|6|1|3|3|3|11|11|Wikipedia mencatat , Rossa mulai dikenal setelah merilis album pertama bertajuk Nada_Nada_Cinta ( 1995 ) tepatnya dirilis pada tanggal 27 Januari 1995 dengan lagu andalannya Nada Nada Cinta dan Meskipun Cinta
6|6|6|1|4|4|3|9|9|Sebelum merilis Lemonade , Beyonce telah merilis album bertajuk Beyonce pada 2013
6|6|6|1|13|13|3|15|15|Mereka semua menghadiri konser bertajuk Pesta Mabuk Laut , acara perilisan album perdana The_Panturas bertajuk Mabuk_Laut
6|6|6|1|0|0|3|8|8|Taylor_Swift baru saja mengumumkan album terbarunya yang bertajuk 1989
6|6|7|1|5|5|3|27|27|com - - Pemain drum Jeane_Phialsa atau akrab disapa Alsa menggandeng gitaris kenamaan Tohpati dan juga basis jazz Indro Hardjodikoro untuk berkolaborasi dalam album perdana yang bertajuk The_Moment_With_You
6|6|6|1|5|5|3|13|13|id Mantan personel Oasis , Noel_Gallagher , dikabarkan bakal merilis album baru bertajuk Who_Built_The_Moon_? dalam waktu dekat
6|6|6|1|0|0|3|5|5|Down_For_Life merilis mini album bertajuk Menantang_Langit , sekaligus untuk menyambut Records Store Day 2017
6|6|6|1|0|0|3|10|10|Miss_A sendiri belum lama ini merilis album comeback bertajuk " Colors " dengan singel andalan " Only You
7|7|7|1|16|16|3|4|4|Dalam album perdana bertajuk Seeds , ia dibantu adiknya , Bam Mastro yang merupakan personel band Elephant_Kind
6|6|7|1|8|8|3|22|22|Namun justru dari pertemuan itu , Iggy dan Bowie mendapat inspirasi untuk membuat album , masing - masing berjudul The Idiot dan Low
7|7|7|1|18|18|3|9|9|Saat ini , Colbie Caillat baru saja merilis album The_Malibu_Sessions , yang mana penyanyi yang pernah berduet dengan Jason_Mraz untuk hits Lucky tersebut juga menggelar tur akustik
7|7|7|1|4|4|3|16|16|Album yang diproduseri oleh Michael " Elvis " Baskette , yang juga memproduseri album Trivium , Limp_Bizkit , Stone Temple Pilots , Incubus , dan lainnya
6|6|6|1|5|5|3|2|2|Rilis Album “R_U_Ready”, Girl Band Lovelyz Berubah Jadi Boneka 2D Untuk Musik Video “WoW”
6|6|6|1|0|0|3|13|13|Uje yang meninggalkan empat anak saat meninggal sempat juga merilis album mini berjudul Shalawat_Cinta
7|7|7|1|22|22|3|3|3|Album yang bertajuk Ambilkan_Bulan itu melibatkan berbagai band premium Indonesia , seperti Sheila On 7 , The Changcuters , Rif , hingga Superman_Is_Dead
6|6|6|1|9|9|3|16|16|com - Beberapa waktu lalu kenamaan Tanah Air , NOAH , telah merilis album terbaru bertajuk SINGS_LEGENDS
6|6|6|1|12|12|3|17|17|COM , JAKARTA - Jelang konser perdananya di Indonesia , diva internasional Celine_Dion akan merilis album bertajuk Celine_Dion_The_Best_So_Far_Asia_Tour_2018_Collection pada 30 Mei mendatang
7|7|7|1|12|12|3|18|18|Kini , lagu " Sang Penggoda " dan " Korbanmu " dari Tata_Janeeta masuk dalam album kompilasi berjudul Sroty_of_Broken_Hearth
6|6|6|1|15|15|3|7|7|JAKARTA - Setelah sukses dengan album sebelumnya Reboisasi yang dirilis pada tahun 2012 silam , Boomerang kembali merilis album barunya bertitel Harmonis Tidak Seragam
6|6|6|1|0|0|3|11|11|Victoria tercatat hanya mengeluarkan satu album solo pada 2001 yang bertajuk Victoria_Beckham
6|6|6|1|3|3|3|9|9|com - Penyanyi Calvin_Jeremy akan merilis album ketiga bertajuk NOSTALGIA
6|6|6|1|0|0|3|5|5|Isyana_Sarasvati Merilis Album Kedua Bertajuk Paradox
6|6|6|1|0|0|3|8|8|Red_Velvet Segera Comeback dengan Album KPop Terbaru Bertajuk Summer_Magic
6|6|6|1|17|17|3|28|28|Berbicara mengenai musik videonya , klip di You Were Beautiful seakan menjadi lanjutan dari video klip hits Day6 , Congratulations yang dirilis pada 2015 lalu di album debut My_Day
6|6|6|1|9|9|3|7|7|com - Setelah merilis album terbarunya , DIRTY_BASS , Far_East_Movement kini juga merilis albumnya di i Tunes Album DIRTY BASS menampilkan total 16 lagu , termasuk di dalamnya track yang telah dirilis sebelumnya , Live My Life
6|6|6|1|1|1|3|9|9|" Wonder_Girls debut pada 2007 dengan merilis album perdana Tell_Me
6|6|6|1|18|18|3|20|20|Single " Aku Tak Peduli " ini merupakan salah satu dari sepuluh single yang terdapat dalam album perdana Jakarta_Blues_Factory bertajuk All_I_Wanna_Do
6|6|6|1|14|14|3|20|20|CO , JAKARTA Setelah 10 tahun mengeksplorasi jati diri dalam dunia musik , penyanyi Afgansyah_Reza merilis album studio kelima bertajuk Dekade
6|6|6|1|0|0|3|10|10|David pun kemudian menyanyikan lagu - lagu dari album terbarunya This_Loud_Morning seperti Mr
7|7|6|1|3|3|3|26|26|Sebelumnya ada nama Shawn_Mendes dengan usia 15 tahun dengan album Handwritten pada 2 Mei 2015 dan Ariana Grande dengan usia 20 tahun 2 bulan dengan album Yours_Truly pada 21 September 2013
6|6|6|1|10|10|3|8|8|Dia menjadi penggebuk drum untuk album Nevermind dan In_Utero milik Nirvana
7|7|7|1|18|18|3|2|2|Album bertajuk Hotel_Cabana itu dirilis pada agustus 2013 dengan menggandeng bintang asal Britania seperti , Tinie Tempah , Ella_Eyre dan Wiley
7|7|7|1|11|11|3|6|6|5urprise akan merilis album single berjudul From_My_Heart yang akan diproduseri oleh Cho_Young_Soo
6|6|6|1|3|3|3|18|18|com , Jakarta Superglad sebagai salah satu band beraliran rock alternatif Indonesia , telah merilis sebuah album bertajuk Berandalan_Ibukota pada awal 2014 lalu
6|6|6|1|22|22|3|20|20|Duo deep house yang tengah naik daun , Gorgon City , mendapat kesempatan untuk menyumbangkan lagu untuk seri album kompilasi All_Gone milik Pete_Tong
6|6|6|1|3|3|3|18|18|com - Girlband Sistar kini sedang berada dalam fokus perhatian utama lantaran merilis album kedua terbaru tang bertajuk GIVE_IT_TO_ME pada Selasa ( 11 / 6 ) kemarin
6|6|6|1|13|13|3|12|12|Diproduseri oleh Berryman , Buckland , Champion , dan Martin , album Ghost_Stories Coldplay bakal dilepas ke publik pada 19 Mei mendatang di Amerika Serikat
6|6|6|1|5|5|3|13|13|Pada 4 September 2018 , Sunmi merilis mini album terbarunya yang bertajuk " Warning
7|7|7|1|30|30|3|11|11|Pada September itu , ia merilis mini - album pertamanya , Everybody_Ready_? , yang menampilkan sesama artis JYP Entertainment , yakni Min ( Miss A ) , dan Joo dan Yeeun ( Wonder Girls )
7|7|7|1|12|12|3|5|5|Raisa Album pertamanya yang berjudul Self_-_title diproduseri oleh Aska RAN dan band Soulvibe , Ramadan Handy dan Andrianto Ario Seto
6|6|6|1|2|2|3|14|14|com - Gugun_Blues_Shelter kembali meramaikan blantika musik tanah air dengan meluncurkan album ketujuh bertajuk SOUL_SHAKER
6|6|6|1|0|0|3|34|34|The_Rain sebelumnya telah merilis lima album studio bertajuk Hujan Kali Ini ( 2003 ) , Senandung Kala Hujan ( 2005 ) , Serenade ( 2007 ) , Perjalanan Tak Tergantikan ( 2009 ) dan Jingga_Senja_dan_Deru_Hujan ( 2012 )
6|6|6|1|9|9|3|20|20|Senin ( 30 / 4 / 2018 ) , GFriend menandai comeback mereka dengan perilisan mini album baru bertajuk " Time_for_the_Moon_Night "
7|7|7|1|18|18|3|30|30|com - Iwan Fals mengajak grup band lainnya yang tergabung di bawah label Musica Studio seperti NOAH , Geisha , Nidji dan d Masiv untuk menggarap sebuah project album bertajuk SATU
7|7|7|1|21|21|3|13|13|" Bang Bang " yang merupakan single pembuka dari album ketiga Jessie J Sweet_Talker ini diproduseri oleh produser berkebangsaan Swedia , Svengali_Max_Martin bersama dengan Savan Kotecha dan Ilya
7|7|7|1|29|29|3|13|13|" Bang Bang " yang merupakan single pembuka dari album ketiga Jessie J Sweet_Talker ini diproduseri oleh produser berkebangsaan Swedia , Svengali Max Martin bersama dengan Savan Kotecha dan Ilya
6|6|6|1|19|19|3|24|24|Sayangnya , menurut sebuah sumber , track ini tidak akan hadir di album tersebut , melainkan di album kedua Aluna_George , yang juga berjudul I_Remember
6|6|6|1|8|8|3|16|16|com - Setelah sabar menanti , album terbaru Endank_Soekamti akhirnya merilis album terbaru mereka yang berjudul SOEKAMTI_DAY di Taman Budaya Yogyakarta , Rabu ( 16 / 02 / 2016 )
6|6|6|1|11|11|3|17|17|com - Setelah menanti lama , jebolan ajang Indonesian Idol , Citra_Scholastika akhirnya menelurkan debut albumnya bertajuk PASTI_BISA
6|6|6|1|5|5|3|18|18|Pada Februari 2014 kemarin , Westlife mengobati rasa kerinduan para penggemar dengan meluncurkan album bertema greatest hits bertajuk The_Love_Songs
6|6|6|1|4|4|3|19|19|Dalam penampilan terakhirnya , Ariana menyanyikan lagu Problem , hasil kolaborasinya bersama rapper wanita Iggy Azalea dalam album keduanya My_Everything ( 2014 )
6|6|6|1|4|4|3|14|14|Sebelum album penuhnya , Glaskaca telah merilis dua mini album , Staedig EP dan Identity_EP , serta dua buah single Preclear dan Polymath
6|6|6|1|5|5|3|8|8|Sebelumnya , pada album kedua Petra yang bertajuk Pilih_Saja_Aku , Petra juga mendistribusikannya lewat ruang virtual i Tunes , dan menggandeng Inside sebagai penyedia jasa layanan digitalnya
6|6|6|1|14|14|3|16|16|Dilansir dari Rolling Stone , Drowning Shadows masuk ke dalam daftar lagu album teranyar Smith bertajuk In_The_Lonely_Hour edisi deluxe , yang akan dirilis pada 6 November mendatang
6|6|6|1|1|1|3|8|8|Pedangdut Ayu_Ting_Ting baru saja merilis album terbarunya bertajuk Kamu_Kamu_Kamu di kawasan Kemang , Jakarta , Rabu ( 9 / 8 )
6|6|6|1|3|3|3|1|1|Bertajuk Aku_Tetap_Cinta , Repvblik mengaku , albumnya kini lebih matang dari sebelumnya
6|6|6|1|4|4|3|12|12|com , Los Angeles Mariah_Carey akan segera meluncurkan album terbaiknya yang berjudul Mariah_Carey_#1_To_Infinity
6|6|6|1|5|5|3|12|12|com , Los Angeles - Kanye_West telah mengungkapkan bahwa albumnya yang bertajuk The_Life_of_Pablo tidak akan dijual , tetapi ia tetap akan mempromosikannya melalui peluncuran satu lagu untuk diputar di stasiun radio
7|7|7|1|6|6|3|19|19|Jelang comebacknya tersebut , dua member Super_Junior yang dikenal bersahabat dekat sejak lama ini merilis teaser untuk album bertajuk The_Beat_Goes_On
6|6|6|1|5|5|3|14|14|Sebelumnya penyanyi dengan nama lengkap Katheryn_Elizabeth_Hudson itu telah menandai kariernya lewat debut album bertajuk Katy_Hudson ( 2001 ) , One of the Boys ( 2008 ) , dan Teenage Dream ( 2010 )
6|6|6|1|3|3|3|11|11|" Kau tahu SNSD ? Girls Generation ? ( Album ) Gee , " ujar pria kelahiran 1995 ini
6|6|6|1|6|6|3|17|17|Selain musik modern yang disuguhkan , D_Masiv juga membawa unsur etnik dalam album terbaru yang bertajuk " D_MASIV " tersebut
7|7|6|1|10|10|3|22|22|AKhiri Ini Dengan Indah sendiri sebelumnya dibawakan oleh grup bentukan Pongky_Barata , Jikustik , dan dimasukkan ke dalam album kedua mereka bertajuk Perjalanan_Panjang tahun 2002 silam
6|6|6|1|0|0|3|7|7|Ailee sendiri merilis mini album terbaru , INVITATION pada bulan lalu dengan lagu single utama , Ill Show You yang juga mencatat prestasi menggembirakan di beberapa chart musik
6|6|6|1|0|0|3|18|18|Taeyeon SNSD yang selama ini akrab dengan genre pop pun dipaksa untuk menyanyikan track EDM di album terbarunya WHY
6|6|6|1|4|4|3|13|13|Gambas Instagram Belakangan , Fergie dikabarkan tengah sibuk mempromosikan album solo kedua bertajuk Double_Dutchess
7|7|7|1|4|4|3|22|22|, Lil Wayne , Ludacris dan banyak lagi , termasuk 2 Chainz dan Wiz Khalifa yang berkolaborasi dalam single pembuka album , We_Own_It ( Fast Furious )
6|6|6|1|6|6|3|25|25|Lewat albumnya pria pemilik nama asli Virgiawan_Listianto ini ingin mengungkap emosinya atas apa yang ia saksikan selama 3 tahun ini setelah album sebelumnya yang bertajuk KESEIMBANGAN
6|6|6|1|20|20|3|23|23|Im Sorry disebutkan dibuat oleh sang vokalis Jung Yong Hwa dan menjadi lagu utama dari mini album ke - 4 CN_Blue yang bertajuk RE_BLUE yang juga dirilis hari ini
6|6|6|1|10|10|3|7|7|id Dua tahun pascaperilisan album perdana berjudul Sarsaparilla_Dream , kini Puti_Chitara solois dan pianis asal Jakarta secara resmi merilis album keduanya yang bertajuk Goodnight secara digital
7|7|7|1|12|12|3|2|2|Album " Seoulite " juga menampilkan Mino " WINNER " dan rapper Incredivle dan Dok2
6|6|6|1|10|10|3|26|26|com , New York Dalam rangka memperingati 10 tahun eksistensi Maroon_Five di industri musik dunia , band rock asal Amerika Serikat itu meluncurkan album keempat bertajuk Overexposed di New York , Amerika Serikat
6|6|6|1|0|0|3|11|11|Ailee Penyanyi cantik Ailee , merilis album mini ketiganya , bertajuk Magazine
6|6|6|1|0|0|3|11|11|Beyonc dan Jay - Z Bikin luncurkan album bareng terbaru berjudul Every_thing_is_Love , saat melakukan tur keliloing dua perdana di Inggeris , Jumat lalu
6|6|6|1|0|0|3|9|9|Sting terakhir kali merilis album pada 2016 , yaitu 57th_9th
6|6|7|1|16|16|3|13|13|JEPANG - Album " With " TVXQ mendapatkan sertifikasi platinum serta Album " The_Best " milik Big_Bang meraih sertifikasi oleh RIAJ ( Recording Industry Association of Japan )
7|7|7|1|6|6|3|17|17|JAKARTA - Katy Perry menggaet rapper Nikcy_Minaj untuk single terbarunya yang berjudul Swish Swish dari album kelima Witnes
6|6|6|1|0|0|3|11|11|Damian meraih penghargaan Grammy pertamanya pada 2001 untuk album solonya bertajuk Halfway_Tree
6|6|6|1|4|4|3|10|10|Melalui situs pribadinya , Miley mengatakan akan mengeluarkan album bertajuk Younger_Now
6|6|7|1|8|8|3|21|21|Selain terus berduaan dan menjalin hubungan kasih , Judika pun meminta calon istrinya itu untuk berduet di album terbarunya yang bertajuk Judika_Mencari_Cinta
6|6|6|1|8|8|3|11|11|Champion adalah single resmi pertama dari album ketujuh Fall_Out_Boy yang bertajuk Mania
6|6|6|1|11|11|3|9|9|Vig sebelumnya dikenal sebagai produser yang sukses dengan album Nevermind milik Nirvana pada 1991 , yang kemudian bekerja dengan Foo Fighters di sejumlah lagu , termasuk Sonic Highways pada 2014
7|7|6|1|7|7|3|16|16|Sebelumnya Eminem telah memberi kejutan dengan menghadirkan Beyonce Knowles sebagai kolaborator dalam single utama album , Walk_On_Water
6|6|6|1|2|2|3|31|31|Meski begitu Chlara tidak asing dengan lagu - lagu cover version , karena sebelumnya ia sudah menyanyikan Stuck on You , lagu penyanyi kenamaan , Lionel Richie , untuk album kompilasi audiophile_Voices_of_Love di tahun 2012
6|6|6|1|0|0|3|17|17|Chris_Brown dan rapper Tyga berkolaborasi tidak hanya dalam lagu , tapi sekaligus dalam sebuah album yang bertajuk Fan_of_a_Fan_The_Album
6|6|6|1|2|2|3|5|5|Sebelumnya , Super_Junior_-_M merilis album Break_Down yang sempat menjadi karya terbaru Super Junior - M setelah satu tahun tiga bulan lamanya tidak aktif di dunia musik
6|6|6|1|13|13|3|16|16|Hal tersebut adalah kehadiran empat musisi ulung yang berkolaborasi albumnya paling baru milik Kotak , bertajuk Never_Dies
7|7|7|1|6|6|3|11|11|com - Bebi Romeo menggandeng penyanyi Sandhy_Sondoro di album barunya berjudul Signature_Bebi_Romeo
6|6|6|1|0|0|3|10|10|Vicky_Sianipar menggandeng penyanyi reggae Ras Muhamad dalam album barunya , Toba_Dream_4
6|6|6|1|4|4|3|6|6|Salah satu album tersukses The_Corrs bertajuk Talk_on_Corners yang berhasil meraih status multi - platinum di Australia dan UK dengan penjualan album terbanyak pada 1998
7|7|7|1|19|19|3|34|34|Melihat lebih jauh kedalam lagu berdurasi 404 ini , Eyes Open ditulis oleh Taylor Swift sendiri dan diproduseri oleh Nathan_Chapman , orang yang bertanggung jawab atas kesuksesan 2 album Taylor Swift yaitu Fearless dan Speak_Now
6|6|6|1|6|6|3|12|12|Pada tanggal 24 Februari nanti , Big_Sean akan merilis album yang berjudul DARK_SKY_PARADISE
6|6|6|1|0|0|3|21|21|Raffi memang menyanyikan kembali lagu indah milik grup band Tic yang kemudian dipopulerkan Twentyfirst Night itu di album musik solo teranyar Kamulah_Takdirku
6|6|6|1|2|2|3|10|10|JAKARTA - Super_Junior merilis daftar judul lagu barunya di album Play
6|6|6|1|2|2|3|13|13|com - Mulan_Jameela comeback ke dunia hiburan dengan merilis sebuah album baru bertajuk 99_VOL_2_PATIENCE
6|6|6|1|0|0|3|6|6|Winner sudah melahirkan album perdana berjudul Telanjangi_Dunia yang rilis 2009 dengan lagu utama " Pusing "
7|7|7|1|28|28|3|5|5|Dalam sebuah album kompilasi bertajuk New_Beginning_09 yang diluncurkan awal Juni 2009 , terdapat sembilan band yang tergolong baru yaitu The Virgin , The Law , Lucky Laki , The_Moon , Zewex and The Cuncuzna , Airplay , Rafflesia , Kamusuka , dan Tiramizu
6|6|6|1|5|5|3|8|8|Pada 2012 lalu , album Adam_Lambert yang berjudul Tresspassing sempat menjuarai chart album Billboard 200
7|7|6|1|11|11|3|22|22|Hal itu dikatakan salah satu personelnya , Danial Rajab Fahreza atau Eza , saat jumpa pers peluncuran album perdana mereka bertajuk " Tabik " di Texas Chicken , Cikini , Jakarta Pusat , Rabu ( 29 / 11 / 2017 )
7|7|7|1|9|9|3|11|11|Album perdana Joey yang diproduseri peraih Grammy Award , Jason_Olaine , My_Favorite_Things , diluncurkan pada 12 Mei 2015 oleh Motema Music
6|6|6|1|4|4|3|15|15|Ini mungkin yang dilakukan Bayu_Wargo , seorang pecinta musik jazz yang meluncurkan mini album bertajuk Pesona_Cinta
6|6|7|1|3|3|3|22|22|Dalam duetnya , Coldplay dan Pangeran Harry menyanyikan lagu Up Up , salah satu lagu yang terdapat dalam album baru mereka , A_Head_Full_of_Dreams
6|6|6|1|8|8|3|32|32|Sebelum album " Jauh dari Tuhan " , ROXX juga pernah membuat full album bertajuk ROXX ( 1992 ) , Nol ( 1994 ) , Bergema Lagi ( 2004 ) , dan Retake ( 2009 )
7|7|7|1|23|23|3|5|5|Di album solo perdananya , In_My_Mind , yang rilis 2006 lalu , Pharrell menggandeng Gwen Stefani , Kanye West , Snoop Dogg , Charlie_Wilson , Pusha T , Nelly dan Slim Thug
6|6|6|1|10|10|3|13|13|Belum cukup , dalam boxset tersebut terdapat pula album pertama Jalu_TP yang berjudul Taji dan berisikan lagu - lagu Endank Soekamti dalam konsep akustik jazz yang sederhana
7|7|7|1|7|7|3|16|16|Film yang diarahkan dan diproduseri oleh pasangan Lennon dan Ono itu menggambarkan tentang sesi rekaman album Imagine ( 1971 ) di New York dan Inggris
7|7|7|1|21|21|3|2|2|Album bertajuk Hotel_Cabana itu dirilis pada agustus 2013 dengan menggandeng bintang asal Britania seperti , Tinie Tempah , Ella Eyre dan Wiley
6|6|6|1|14|14|3|24|24|Jakarta - Hari ini , Jumat ( 8 / 9 / 2017 ) , Isyana_Sarasvati akan menyanyikan lagu - lagu dari album terbarunya , Paradox , di LINE Concert 2017 , yang diadakan di Grand City Surabaya pada pukul 20
6|6|6|1|26|26|3|38|38|com - - Dalam festival musik Soundrenaline 2014 Voice of Choice di Lanud Polonia , Medan , Sumatera Utara , 7 Juni lalu , band rock Rif terpilih untuk menyanyikan lagu - lagu dalam album perdana mereka , Radja , yang dirilis pada 1997
7|7|7|1|4|4|3|12|12|Diproduseri oleh Berryman , Buckland , Champion , dan Martin , album Ghost_Stories Coldplay bakal dilepas ke publik pada 19 Mei mendatang di Amerika Serikat
7|7|6|1|7|7|3|22|22|Im Sorry disebutkan dibuat oleh sang vokalis Jung_Yong_Hwa dan menjadi lagu utama dari mini album ke - 4 CN Blue yang bertajuk RE_BLUE yang juga dirilis hari ini
6|6|6|1|33|33|3|35|35|Usai " Imaginary Girlfriend " , band asal Bandung ini membawakan " Lucky " , " My Only One " , dan lagu teranyarnya " Tanda Tanya " yang diambil dari album baru Mocca bertajuk Lima
7|7|7|1|11|11|3|8|8|Bahkan nyaris semua track di album terbaru , Palette diproduseri oleh IU serta beberapa co - producer lain
6|6|6|1|21|21|3|23|23|ID , JAKARTA - Natal tahun 2014 ini terasa begitu istimewa dengan peluncuran sebuah album musik spesial dari sang pendeta gaul Bonny_Christian bertajuk Kemenangan
7|7|7|1|3|3|3|16|16|Stevie dan produser David_Foster saat ini tengah merekam seisi album yang akan direkam kembali dengan judul When_the_World_Began
7|7|6|1|3|3|3|13|13|Pria bernama asli Sonny_John_Moore itu menyumbang suara untuk album perdana mereka yang bertajuk Dear_Diary_,_My_Teen_Angst_Has_A_Bodycount ( 2004 ) dan Heroine ( 2006 )
6|6|6|1|4|4|3|14|14|com - Artis musik Bebi_Romeo dan vokalis Glenn Fredly merilis album kompilasi yang bertajuk Bebi_Romeo_-_Glenn_Fredly di gerai makanan cepat saji , di Bangka Raya , Mampang Prapatan , Jakarta Selatan , Rabu ( 30 / 11 / 2016 )
6|6|6|1|8|8|3|11|11|Kompak berbaju biru muda , GFriend mengumandangkan lagu BTS dari album The_Most_Beautiful_Moment_in_Life_Part_1 itu di JIExpo Kemayoran , Jakarta Pusat , Sabtu ( 2 / 9 / 2017 ) malam
6|6|6|1|10|10|3|18|18|JAKARTA Keluar dari genre musik yang biasa dimainkan , band Lyla coba mengeksplorasi diri saat merilis album berjudul Ga_Romantis pada 2015 dengan mengambil unsur reggae , electronic dance music ( EDM ) hingga funk di sejumlah lagu
6|6|6|1|3|3|3|10|10|com , Jakarta Dua_Lipa akhirnya merilis album perdana , bertajuk Dua_Lipa
6|6|6|1|2|2|3|16|16|COM - The_Temper_Trap baru saja merilis video klip terbaru dari album terakhir mereka yang berjudul , Thick_As_Thieves
6|6|6|1|9|9|3|12|12|Pada 1 Maret 1993 merupakan hari dirilisnya album perdana The_Cranberries yang bertajuk Everybody_Else_is_Doing_It_,_So_Why_Cant_We_?
6|6|7|1|15|15|3|4|4|Dengan album debutnya , The_Lateness_of_the_Hour , yang cukup sukses , tidak perlu waktu lama bagi Alex_Clare untuk menyusul menghadirkan album sophomorenya yang bertajuk Three Hearts
6|6|6|1|17|17|3|7|7|SUKSES dengan album ke - 3 bertajuk Mine yang dirilis tahun lalu , rupanya tak membuat solois Petra_Sihombing puas
6|6|6|1|5|5|3|11|11|com , Jakarta Grup musik Naif resmi melepas album ketujuh bertajuk 7_Bidadari lewat sebuah konser yang digelar di Taman MIni Indonesia Indah , pada Minggu ( 22 / 10 / 2017 )
6|6|6|1|4|4|3|10|10|com Penyanyi dangdut melayu Chika_Angel baru saja merilis album bertajuk Penjaga_Cinta
6|6|6|1|6|6|3|19|19|Sadar akan antusias besar tersebut , Ariana_Grande pun akhirnya memilih untuk lebih dulu meretas lead - single dari album SWEETENER
7|7|6|1|1|1|3|8|8|Setelah Lemmy meninggal , album Motorhead yang bertajuk Ace_of_Spades meroket penjualannya
6|6|6|1|12|12|3|15|15|Keempat lagu itu juga akan masuk dalam album baru ke - 12 Green_Day yang bertajuk Revolution_Radio
6|6|6|1|20|20|3|15|15|com - Setelah sukses dengan single Cinta Terlarang di tahun 2009 dan album perdana bertajuk YES_I_AM , kini Album Kedua The_Virgin Lebih Nge - Rock tengah sibuk mempersiapkan album kedua
6|6|6|1|17|17|3|20|20|Meskipun demikian , ia tidak lantas memutus kerjasama dengan Guy Sigsworth , orang yang juga memproduseri album Alanis sebelumnya , Flavors_of_Entanglement
6|6|6|1|16|16|3|25|25|Tak selang waktu lama , pada tanggal 5 Maret 2018 kemarin , pihak JYP mengumumkan kalau Stray_Kids akan menggelar debut showcase album mereka yang bertajuk I_am_Not
6|6|6|1|2|2|3|10|10|com - Radhini baru saja mengeluarkan album pertamanya yang bertajuk AWAL pada bulan Januari lalu
7|7|6|1|27|27|3|23|23|JAKARTA - Grup band Naif akhirnya kembali merilis video musik baru untuk lagu single kedua berjudul Berubah yang terdapat dalam album ketujuh berjudul 7_Bidadari yang disutradarai penyanyi Tompi
6|6|6|1|5|5|3|8|8|Mereka unggul dari album comeback Yonghwa CNBLUE , Do_Disturb
6|6|6|1|0|0|3|8|8|Endah kemudian bersolo karier merilis album mini bertajuk The_New_Beginning berisi empat buah lagu
6|6|6|1|9|9|3|17|17|Album bertajuk Long Live Kotak itu diharapkan para personel Kotak mampu mengulangi atau bahkan melebihi pencapaian album Rock_N_Love
7|7|7|1|6|6|3|2|2|Album bertajuk Born_To_Be_Singer yang diproduseri oleh Seno_M_Hardjo akan segera menyapa penggemar musik di Tanah Air
6|6|6|1|7|7|3|12|12|CO , Jakarta - Bulan ini , Iwan_Fals meluncurkan album barunya bertajuk Raya
6|6|6|1|7|7|3|20|20|Dengan status kewarganegaraan yang barunya ini , Ashraff langsung menggebrak dunia musik dangdut tanah air dengan merilis album yang berjudul TAK_MUNGKIN_KU_BOHONGI_KAMU
6|6|6|1|3|3|3|21|21|com , Jakarta Michael_Learns_to_Rock_(_MLTR_) , Grup musik yang dikenal dengan lagu - lagu melankolis ini kembali merilis album baru bertajuk " 25 "
7|7|6|1|1|1|3|6|6|Istri Ahmad_Dhani itu merilis album bertajuk 99_Vol_2_Patience di Atrium Plaza Semanggi , Jakarta Selatan pada Rabu ( 2 / 5 / 2018 )
7|7|6|1|1|1|3|12|12|Buktinya Gwyneth_Paltrow masih mau ikut ambil bagian di album terbaru Coldplay bertajuk A_Head_Full_of_Dreams
7|7|7|1|31|31|3|5|5|Dalam sebuah album kompilasi bertajuk New_Beginning_09 yang diluncurkan awal Juni 2009 , terdapat sembilan band yang tergolong baru yaitu The Virgin , The Law , Lucky Laki , The Moon , Zewex_and_The_Cuncuzna , Airplay , Rafflesia , Kamusuka , dan Tiramizu
6|6|6|1|8|8|3|17|17|Dua tahun berselang , tepatnya pada 2001 , Shaggydog merilis album ke - duanya yang diberi judul Bersama
7|7|7|1|2|2|3|31|31|Selain ditarik Ahmad_Dhani menjadi vokalis Mahadewa menggantikan posisi Judika , penyanyi kelahiran Banda Aceh , 12 Mei 1990 , ini berencana menelurkan album perdana seusai sukses merilis single solo perdananya bertajuk Aku_Lelakimu
6|6|6|1|1|1|3|20|20|Sebelumnya Gigi pernah membuat album religi bertajuk Raihlah Kemenangan , Raihlah Kemenangan Repackage , Pintu Sorga , Kembali Padanya , Jalan_Kebenaran , Amnesia , Aku dan Aku , hingga Mohon Ampun
6|6|6|1|13|13|3|19|19|Setelah cukup lama latihan dan main musik bareng , akhirnya di 2015 ini Medis_Band meluncurkan sebuah album perdana berjudul Sirik_Dengki
6|6|6|1|4|4|3|2|2|Di album Kids_From_The_Star , Romaria menyanyikan lagu Malu Sama Kucing
6|6|6|1|0|0|3|27|27|The_Rain sebelumnya telah merilis lima album studio bertajuk Hujan Kali Ini ( 2003 ) , Senandung Kala Hujan ( 2005 ) , Serenade ( 2007 ) , Perjalanan_Tak_Tergantikan ( 2009 ) dan Jingga Senja dan Deru Hujan ( 2012 )
6|6|6|1|15|15|3|19|19|" Pertamanya , penginnya kayak di luar negeri , rilis album langsung tur , misal Coldplay , mereka rilis album_A_Head_Full_Of_Dream dan langsung tur dengan nama yang sama , " kata vokalis D MASIV , saat berkunjung ke redaksi VIVA
6|6|7|1|19|19|3|6|6|" Saya sudah buat album namanya Indonesia_Klasik_Jilid_Satu , jadi Ahmad Dhani menyanyikan lagu klasik di situ , " tutur Ahmad_Dhani yang ditemui Grid
6|6|7|1|16|16|3|1|1|Bertajuk Platinum_Collection , album terbaru dari salah satu diva Indonesia tersebut berisikan 15 lagu terbaik milik Rossa
6|6|6|1|0|0|3|8|8|Vierratale terakhir kali merilis album pada 2011 berjudul Love_,_Love_and_Love
6|6|6|1|5|5|3|12|12|CO , Jakarta - Artis Venna_Melinda merilis album solo keduanya yang berjudul My_Dedication
6|6|6|1|11|11|3|13|13|com , Jakarta Setelah menunggu cukup lama , akhirnya album keempat Judika bertajuk Hati_Cinta diluncurkan
6|6|6|1|5|5|3|10|10|Dibawah bendera TAS Entertaiment , 2_S menggarap mini album bertajuk THE_BEGINNING_OF_LOVE , dengan single perdana mereka berjudul Love Miracle
6|6|6|1|0|0|3|17|17|John_Vesely atau yang lebih kita kenal sebagai pentolan Secondhand Serenade , hadir dengan album keempatnya yang bertajuk Undefeated dan sudah dirilis pada tanggal 27 Oktober yang lalu
6|6|6|1|9|9|3|16|16|Meski tengah disibukkan juga dengan persiapan WINGS Tour , BTS tetap melakukan promosi singkat untuk album WINGS ini
6|6|6|1|11|11|3|33|33|Untuk kesekian kali , Band Alternatif Rock Veteran asal California , Incubus dijadwalkan tampil menyapa penggemarnya di Gambir Expo Kemayoran , Jakarta Pusat , yang merupakan lanjutan tur dunia dari album terbaru bertajuk 8 dan telah dirilis pada April 2017 lalu
7|7|7|1|14|14|3|2|2|Diberi tajuk New_Skin , yang membuat menarik , album itu diproduseri oleh pentolan band Queens_of_the_Stone_Age , Josh Homme dan di - mixing oleh Andrew Scheps , engineer yang sudah tiga kali memenangkan penghargaan Grammy Awards , atas album Ziggy Marley , Adele dan Red Hot Chili Peppers
6|6|6|1|7|7|3|49|49|Kembalinya ikon musik rock Tanah Air , ROXX nggak cuma ditandai dengan menggelar konser bertajuk " Live After Amnesia " di M Point Cafe , Blok M , Jakarta pada Sabtu , 8 Juni 2013 nanti , tetapi dalam pagelaran konser tersebut rencananya ROXX bakal meluncurkan album terbarunya " Jauh_dari_Tuhan "
7|7|7|1|20|20|3|12|12|VIVAlife Penyanyi Deasy Natalina menggaet sejumlah musisi untuk menggarap album perdananya , My_Music_Diary , salah satunya vokalis d Masiv , Rian_Ekky_Pradipta
7|7|7|1|36|36|3|5|5|Dalam sebuah album kompilasi bertajuk New_Beginning_09 yang diluncurkan awal Juni 2009 , terdapat sembilan band yang tergolong baru yaitu The Virgin , The Law , Lucky Laki , The Moon , Zewex and The Cuncuzna , Airplay , Rafflesia , Kamusuka , dan Tiramizu
6|6|6|1|2|2|3|10|10|JAKARTA - Maudy_Ayunda resmi merilis album ketiganya yang bertajuk " Oxygen " pada Kamis ( 15 / 2 / 2018 )
6|6|6|1|3|3|3|29|29|Sepanjang kariernya , Shania sudah merilis album berjudul namanya sendiri pada 1993 , The Woman in Me ( 1995 ) , Come On Over ( 1997 ) , dan Up ( 2002 )
6|6|6|1|5|5|3|11|11|com , Jakarta Penyanyi solo Raisa tengah menyiapkan album ketiga bertajuk Handmade , yang akan dirilis dalam waktu dekat
6|6|6|1|11|11|3|53|53|COM - - Pada 8 Juni 2013 , grup heavy metal Roxx , yang terdiri dari Trison ( vokal ) , Jaya ( gitar ) , Iwan ( gitar ) , Didi Crow ( gitar ) , Toni ( bas ) , dan Raden ( drum ) , akan merilis album kelima , Jauh_dari_Tuhan
6|6|6|1|8|8|3|5|5|Pada album perdana yang bertajuk Heidy itu , Itang bekerja sama dengan pengarah musik ternama Eros Djarot
6|6|6|1|3|3|3|9|9|Sementara itu , 4_Minute diketahui comeback dengan album bertajuk ACT
7|7|7|1|37|37|3|17|17|Pasca keluarnya Alec John , Bon Jovi kembali dengan materi yang lebih dewasa , yaitu dalam album These_Days di tahun 1995 yang diproduseri oleh produser veteran asal Inggris , Peter Collins , yang sebelumnya dikenal sebagai produser Rush , Queensryche dan Dream Theater
6|6|6|1|0|0|3|6|6|Mulan_Jameela kembali merilis album terbarunya bertajuk 99_Volume_1
6|6|6|1|15|15|3|5|5|Setelah sukses dengan album pertamanya When_We_Awake , All Dreams are Gone ( 2011 ) , L_Alphalpha telah merilis album baru bertepatan dengan penampilan mereka dalam salah satu festival musik bergengsi di Malaysia yang bernama Urbanscapes 23 November 2013 lalu
7|7|7|1|0|0|3|11|11|Bens_Leo selaku pengamat musik juga menuturkan kelebihan album yang bertajuk " 5050 " ini
6|6|6|1|5|5|3|11|11|Penyanyi legendaris asal Inggris , Rod_Stewart , siap merilis album bertajuk Time pada 7 Mei 2013 di Capitol Records
7|7|7|1|14|14|3|11|11|Melihat lebih jauh ke dalam album berisi 11 track ini , Love_Part_2 diproduseri oleh Tom_Delonge yang juga sebelumnya memproduseri Love sehingga bisa dipastikan kebebasan dalam berkreatifitas Tom untuk album ini masih terjaga
6|6|6|1|15|15|3|22|22|BANDUNG , TRIBUN - Penyanyi cantik yang populer dengan lagu " Janji Manis " , Terry , merilis album baru bertajuk " Indah "
6|6|6|1|3|3|3|13|13|Selain Ed , Taylor juga menggandeng Future untuk menyanyikan lagu kedua di album Reputation tersebut
7|7|7|1|4|4|3|19|19|Selain itu , kolaborator Adele , Fraser T Smith dan Eg White juga menulis dan memproduseri Smith lewat album In_The_Lonely_Hour
7|7|7|1|17|17|3|7|7|com - Setelah satu tahun berlalu album KISSES_ON_THE_BOTTOM resmi dirilis , akhirnya sang mantan anggota band legendaris The_Beatles , Sir Paul Mc Cartney kembali lagi
6|6|6|1|5|5|3|10|10|CO , Jakarta Grup musik Kerispatih meluncurkan album baru bertajuk Melekat_di_Jiwa
6|6|6|1|12|12|3|13|13|Kala itu , lelaki 25 tahun tersebut bahkan memproduseri mini album debut Block_B Welcome_to_the_Block
6|6|6|1|0|0|3|10|10|Ustaz_Jeffry didampingi keluarga , menggelar launching album terbarunya yang bertajuk Salawat_Cinta di Tea Addict , Kemang , Jakarta Selatan
6|6|6|1|6|6|3|18|18|Melanjutkan album Innerspeaker dan Lonerism , Tame_Impala yang terbentuk pada 2007 akan segera merilis album baru yang bertajuk Currents pada 17 Juli 2015
7|7|7|1|17|17|3|7|7|Lagu yang diambil dari album kedua " Love_and_Kiss " telah dirilis pada 8 Januari kemarin dengan menggandeng Surya_Sahetapi sang aktivis tuna rungu sebagai model video klip
6|6|6|1|2|2|3|9|9|Jakarta - Lee_Hyori rencananya akan meluncurkan album kelimanya bertajuk Monochrome pada 21 Mei besok
6|6|6|1|5|5|3|11|11|COM , JAKARTA - Vokalis Rossa meluncurkan album baru bertajuk " A_New_Chapter " di KFC Kemang , Jakarta Selatan , Rabu ( 5 / 4 / 2017 )
6|6|6|1|3|3|3|9|9|com , Jakarta Billy_Simpson merilis album Natal berjudul " Christmas_With_Billy_Simpson , " Kamis ( 11 / 12 / 2014 ) , di Jakarta
7|7|6|1|4|4|3|33|33|Mungkin sama ( dengan Rihanna ) , karena kulit gelap , terus rambut begini karena dari dulu memang ingin punya rambut pendek , " kata Nowela saat konferensi pers peluncuran album perdana bertajuk #1 di Menteng , Jakarta Pusat , Selasa , 24 Mei 2016
6|6|7|1|14|14|3|17|17|Restoring Force diproduseri oleh David Bendeth , yang sebelumnya di 2013 ini juga memproduseri Bring_Me_The_Horizon untuk album Sempiternal dan Asking Alexandria untuk album From Death To Destiny
7|7|7|1|7|7|3|21|21|Bahkan keduanya pernah terlibat kerja sama , Christian menulis dan memproduseri sebuah lagu berjudul Ocean yang masuk di album Anggun bertajuk 8
7|7|7|1|14|14|3|2|2|Album " Seoulite " juga menampilkan Mino " WINNER " dan rapper Incredivle dan Dok2
7|7|7|1|9|9|3|16|16|Film yang diarahkan dan diproduseri oleh pasangan Lennon dan Ono itu menggambarkan tentang sesi rekaman album Imagine ( 1971 ) di New York dan Inggris
7|7|7|1|16|16|3|7|7|Tak hanya itu , lagu dari album Undivided ini juga diproduseri oleh sejumlah musisi ternama seperti Zico Block
6|6|6|1|3|3|3|8|8|Bersama Barker , Blink_-_182 pun merilis album berjudul Enema_of_the_State
7|7|7|1|3|3|3|8|8|ALBUM solo bassist Barasuara , Gerald Situmorang bertajuk Solitude sudah bisa dinikmati pecinta musik Indonesia melalui format digital dan layanan musik streaming sejak 7 September 2016
6|6|6|1|13|13|3|11|11|Sementara dalam album Urban ada lagu Whole Lot dan dalam album World , Akon berkolaborasi dengan D Banj menyanyikan lagu Feeling A Nikka
6|6|6|1|0|0|3|27|27|Last_Child terbentuk sejak 2006 dan telah merilis tiga buah album , yaitu Grow Up ( 2007 ) , Everything We Are Everything ( 2009 ) , dan Our_Biggest_Thing_Ever ( 2012 )
6|6|6|1|4|4|3|12|12|Pada tahun 1974 , Golden_Wing meluncurkan album pertama mereka yang diberi label Mutiara_Palembang dan di dalamnya ada sebuah track lagu pop daerah Sumsel yang diracik secara apik berjudul Sebambangan
7|7|7|1|38|38|3|13|13|Pasalnya , Nagaswara kali ini kembali merilis album kompilasi terbaru yang diberi nama New_Funtastik_Hits yang merupakan album VCD Karaoke Senam Aerobik , yang dibawakan oleh sejumlah artis , seperti Zaskia Gotik , Fitri Carlina , Duo Anggrek , Bebizy , Hesty Klepek Klepek , Sherly Mey , Ratu Idola , Meggy Diaz , Ucie Sucita , Denias dan Susi Ngapak
6|6|7|1|20|20|3|7|7|com - Setelah satu tahun berlalu album KISSES_ON_THE_BOTTOM resmi dirilis , akhirnya sang mantan anggota band legendaris The Beatles , Sir_Paul_Mc_Cartney kembali lagi
6|6|7|1|13|13|3|2|2|Album bertajuk Play akan dirilis oleh manajemen dengan 11 lagu hasil gubahan member Akdong_Musician Lee Chan Hyuk
6|6|6|1|8|8|3|6|6|Dan , lewat album kedua bertajuk BETTER_AND_BRIGHTER , Windri pun ingin lebih mengibarkan namanya di belantika musik Indonesia
6|6|6|1|6|6|3|4|4|Dalam album terbarunya bertajuk L1_VE_To_LOVE , Afgan berkesempatan untuk menggarap sebuah lagu yang ia ciptakan bersama personil RAN , Nino
7|7|7|1|36|36|3|18|18|Melihat lebih jauh kedalam album berisi 13 tracks untuk versi standard dan 16 tracks untuk versi deluxe , Believe diproduseri oleh berbagai orang yang sudah tidak diragukan lagi kualitasnya dalam industri musik mulai dari Darkchild , Max_Martin hingga Diplo turut campur tangan untuk menangani album ini
6|6|6|1|8|8|3|10|10|com , Jakarta Album ikonik dari grup musik Nirvana , Nevermind , dirilis pada 24 September 1991
6|6|6|1|2|2|3|5|5|Album milik Chris_Stapleton ini berjudul TRAVELLER
6|6|6|1|3|3|3|25|25|( Baca Juga Red_Velvet Konfirmasi Comeback Juli dengan Mini Album ) Mereka pun telah melakukan comeback pada awal Juli dengan merilis mini album bertajuk " The_Red_Summer " dengan single hitnya yang berjudul " Red Flavor yang dimana selalu menunjukkan posisi yang bagus di tangga lagu
6|6|7|1|14|14|3|11|11|Melihat lebih jauh ke dalam album berisi 10 tracks ini , Weapons diproduseri oleh Ken_Andrews orang yang sudah pernah bekerjasama dengan Beck , Blink 182 dan Jimmy Eat World
6|6|6|1|0|0|3|7|7|Infinite akan Nyanyikan 4 Lagu Di Album 'Destiny'
6|6|6|1|6|6|3|27|27|Lagu - lagu terakhir yang direkam Bowie itu akan terdapat di dalam album bertajuk Lazarus Cast Album , termasuk lagu berjudul Lazarus yang sebelumnya terdapat di album Blackstar ( 2015 )
6|6|6|1|4|4|3|12|12|Hanung , keyboardist dari Skastra berbicara tentang latar belakang dibuatnya album bertajuk MINOR_7 ini
6|6|6|1|4|4|3|15|15|Di tahun 2008 , Scar_Jo yang kini berusia 31 tahun itu sempat merilis album bertajuk Anywhere_I_Lay_My_Head , berisi lagu - lagu dari penyanyi blues - folk Tom Waits yang didaur ulang olehnya
6|6|6|1|13|13|3|15|15|Tur bertajuk Witness The Tour ini diselenggarakan dalam rangka mendukung album tebaru dari Katy_Perry , Witness , yang menduduki posisi puncak tangga musik Billboard 200 sejak dirilis 9 Juni 2017 melalui label musik Capitol Records
6|6|6|1|2|2|3|12|12|Seoul Boyband Super_Junior akan merilis karya baru dalam album repackaged kedelapan bertajuk Replay
6|6|6|1|4|4|3|21|21|CO , Jakarta - Calvin_Jeremy , penyanyi muda beraliran pop jazz , merilis album keduanya yang berjudul sama dengan namanya , Calvin_Jeremy
6|6|6|1|7|7|3|14|14|com - Seperti yang kita ketahui , Michael_Jackson baru saja merilis album posthomous berjudul XSCAPE
6|6|6|1|19|19|3|17|17|Lagu Hipnotised sendiri memiliki genre dreamlike ballad , nyaris sama dengan beberapa lagu yang ada di album Ghost_Story milik Coldplay sebelumnya
6|6|6|1|0|0|3|39|39|Kyary_Pamyu_Pamyu yang merangkap sebagai penyanyi , model , fashion blogger yang selalu menggunakan dandanan nyentrik ala Harajuku ( sampai - sampai dia disebut Lady Ga Ga ala Jepang karena cara berpaikannya yang aneh dan stylish ) mengeluarkan album keduanya Nanda_Collection ( ? ? ? ? ? ? ? ? ? , nandakorekushon ) yang terdiri dari 2 kata yaitu ? ? ? ? ? ( nanda kore , apa - apaan ini ) dan ? ? ? ? ? ? ( korekushon , koleksi ) menawarkan vokal Kyary yang kawaii atau imut dengan musik yang mempunyai benang merah di electropop
7|7|7|1|10|10|3|26|26|Phoenix , band asal Perancis yang merupakan teman dekat dari Daft_Punk ini memang sudah melewati banyak sekali momen yang menyenangkan semenjak album keempat mereka yang bertajuk Wolfgang_Amadeus_Phoenix dirilis
7|7|7|1|22|22|3|8|8|Isyana juga menggandeng beberapa kolaborator dalam pembuatan album Paradox , di antaranya adalah Raisa Andriana , Andi Rianto , Rendy Pandugo dan Gamaliel
6|6|6|1|2|2|3|13|13|Girl group Miss_A memulai persaingan pada awal April dengan merilis album baru bertajuk Colors pada 30 Maret lalu dan mengandalkan " Only You " sebagai lagu utamanya
6|6|6|1|3|3|3|13|13|JAKARTA - Boyband CJR mengusung lagu bertajuk Tante Linda sebagai andalan dalam album Lebih_Baik yang merupakan karya perdana mereka
6|6|6|1|0|0|3|2|2|FT_Island Album Grown_Up milik band indie asal Korea Selatan ini juga ada di hati penggemar Kpop
6|6|6|1|14|14|3|20|20|Setelah sekian lama merahasiakan perihal album terbarunya , akhirnya penyanyi wanita kelahiran Kanada , Avril_Lavigne , merilis album bertajuk bertajuk self_title_Avril_Lavigne
6|6|6|1|0|0|3|6|6|Romaria resmi memperkenalkan album bertajuk " Superhero "
6|6|6|1|17|17|3|11|11|Sempat vakum selama bertahun - tahun dan diselingi album duet kedua Bicarakan_Saja pada 2008 , Fatur dan Nadila melepas single baru pada Hari Valentine , 14 Februari kemarin , yang berjudul Satu Dari Hatiku
6|6|6|1|4|4|3|14|14|Setelah merilis single , Yoiqball dan Yandi rencananya akan merilis album perdana yang bertajuk ARE_YOU_READY pada bulan April mendatang
6|6|6|1|7|7|3|32|32|Dalam konsernya kali ini , keenam personel 2_PM akan menampilkan berbagai tembang ber - genre pop , Rn B , hingga balada , khususnya dari album ke - empat mereka yang bertitel Go_Crazy
6|6|6|1|4|4|3|2|2|Album berjudul Nobody_But_Me dari Michael_Bubl berhasil menguntit pada posisi kedua Billboard 200
6|6|6|1|23|23|3|26|26|Rencananya , selain dijadikan soundtrack untuk film The Equalizer , single Calm Down juga dipakai sebagai salah satu lagu utama di album kesepuluh Busta yang berjudul Extinction_Level_Event_2
7|7|7|1|7|7|3|27|27|Sementara Beyonce , yang menikah dengan rapper Jay_-_Z , mengungkapkan dalam wawancara belum lama ini bahwa dia bekerja sama dengan Timberlake untuk kelanjutkan album 2011 yang bertitel 4
6|6|6|1|1|1|3|7|7|Sebelumnya Gigi pernah membuat album religi bertajuk Raihlah_Kemenangan , Raihlah Kemenangan Repackage , Pintu Sorga , Kembali Padanya , Jalan Kebenaran , Amnesia , Aku dan Aku , hingga Mohon Ampun
6|6|6|1|4|4|3|14|14|COM - Girl group BLACKPINK sukses meraih kesuksesan pada mini album pertamanya bertajuk " Square_Up
6|6|6|1|8|8|3|16|16|Sementara itu , penyanyi yang memiliki nama asli Kim_Taeyeon ini bakal merilis album natalnya yang bertajuk This_Christmas_Winter_is_Coming
6|6|7|1|1|1|3|29|29|Sementara Beyonce , yang menikah dengan rapper Jay - Z , mengungkapkan dalam wawancara belum lama ini bahwa dia bekerja sama dengan Timberlake untuk kelanjutkan album 2011 yang bertitel 4
6|6|7|1|15|15|3|5|5|Dalam album yang diberi judul Reincarnated itu , Snoop yang kali ini berganti nama menjadi Snoop_Lion itu menggaet aktor Eddie Murphy
6|6|6|1|4|4|3|11|11|Pada pertengahan 2014 , Blue_Acid telah mengeluarkan sebuah mini album bertajuk SYMPHONY yang berisikan 5 lagu yang bernuansa blues rock
6|6|6|1|3|3|3|19|19|com - - Shane_Filan , mantan personel boyband Westlife yang kini bersolo karier , baru merilis album ketiganya bertajuk Love_Always yang berisi lagu - lagu daur ulang pada Agustus 2017 lalu
6|6|6|1|6|6|3|16|16|com , Los Angeles - Penyanyi The_Weeknd memang sudah hampir dua tahun tidak merilis album sejak Starboy
6|6|6|1|2|2|3|11|11|Jakarta - Monsta_X baru saja melangsungkan comeback dengan mini album bertajuk THE_CONNECT
6|6|6|1|4|4|3|9|9|Lewat MDN Record , Rocket_Rockers merilis album baru bertajuk Merekam_Jejak
6|6|7|1|12|12|3|0|0|Album_Siam_Shade_Tribute telah bergema di dunia dengan jejeran nama musisi kelas kakap macam Sebastian_Bach_(_mantan_vokalis_Skid_Row_)_,_Richie_Kotzen_,_Eric_Martin_(_Mr
6|6|6|1|32|32|3|35|35|Baru - baru ini , netizen kegirangan dan bangga karena salah satu orang Indonesia berhasil memenangkan kontes membuat desain alternatif artwork album kelima dari band pop rock kenamaan dari Los Angeles , Maroon_5 , bertajuk V
6|6|6|1|14|14|3|8|8|com - Setelah sukses mengeluarkan album pertama bertajuk Generation_Y dua tahun silam , penyanyi Kunto_Aji akan merilis album kedua di tahun depan
7|7|6|1|9|9|3|21|21|Jakarta , CNN Indonesia - - Menyusul kabar kematian Jonghyun SHINee , boyband EXO memutuskan menunda rilis album terbarunya yang bertajuk Universe
6|6|6|1|14|14|3|13|13|Fans menyebutkan tiga judul lagu yang diduga akan menjadi lagu bonus di album Summer_Magic Red_Velvet
7|7|7|1|12|12|3|9|9|Endah kembali bersolo karier dengan merilis mini album berjudul The_New_Beginning , dengan Rhesa sebagai produsernya
6|6|6|1|4|4|3|12|12|JAKARTA - Band lawas God_Bless resmi meluncurkan album terbaru mereka berjudul " Cermin_7 "
6|6|6|1|10|10|3|17|17|com , Jakarta G rup rock ikonik asal Yogyakarta , Seek_Six_Sick , akan merilis album kompilasi bertajuk Nothing_Perfect_Noise
6|6|6|1|3|3|3|7|7|Begini Serunya Showcase SEVENTEEN untuk Album Terbaru 'Teen,_Age'
6|6|6|1|2|2|3|6|6|Namun ketika Coldplay merilis album bertajuk Viva_La_Vida ( 2006 ) , terjadi perubahan besar
7|7|7|1|14|14|3|2|2|Diberi tajuk New_Skin , yang membuat menarik , album itu diproduseri oleh pentolan band Queens_of_the_Stone_Age , Josh Homme dan di - mixing oleh Andrew Scheps , engineer yang sudah tiga kali memenangkan penghargaan Grammy Awards , atas album Ziggy Marley , Adele dan Red Hot Chili Peppers
7|7|6|1|22|22|3|29|29|com - Iwan Fals mengajak grup band lainnya yang tergabung di bawah label Musica Studio seperti NOAH , Geisha , Nidji dan d_Masiv untuk menggarap sebuah project album bertajuk SATU
6|6|6|1|3|3|3|15|15|Dalam acara ini Johnny_Cash akan merilis dua album yakni sebuah album best of yang berjudul Best_of_The_Johnny_Cash_Show , dan sebuah album yang dirilis ulang dengan judul All Aboard The Blue Train
6|6|6|1|0|0|3|7|7|Tulus memenangi empat kategori untuk albumnya berjudul Monokrom
7|7|6|1|2|2|3|18|18|GFRIEND dan BLACKPINK belum lama ini karya mereka , sementara Red Velvet baru akan comeback dengan album berjudul Perfect_Velvet pada 17 November 2017
6|6|6|1|8|8|3|18|18|Menandai 10 tahun berkarya di dunia musik , TVXQ menelurkan single Something yang berada di album terbaru bertajuk Tense
6|6|6|1|12|12|3|19|19|com - Berselang empat tahun dari album 1000 KISAH SATU HATI , Ungu kini tengah menyiapkan album terbarunya bertajuk MOZAIK
6|6|6|1|7|7|3|23|23|Di penghujung semester 1 tahun 1999 , Geri_Halliwell yang membuat kegegeran di dunia musik merilis album pop dengan pengaruh dance yang diberi judul Schizophonic
6|6|6|1|11|11|3|23|23|Memperingati 30 tahun telah berkarya di industri musik tanah air , Dwiki merangkum perjalanan lagu - lagu terbaiknya dalam album terbarunya yang bertajuk Collaborating_Harmony
6|6|6|1|3|3|3|14|14|Album musik baru Rolling_Stones akan melanjutkan karya mereka setelah terakhir kali merilis album bertajuk A_Bigger_Bang pada 2005
6|6|6|1|4|4|3|21|21|NEW YORK - Penyanyi Britney_Spears , yang tenar sebagai penyanyi idola remaja sebelum pamornya turun , akan meluncurkan album kesembilan berjudul Glory pada 26 Agustus
6|6|6|1|6|6|3|12|12|JAKARTA - Kuartet asal Palembang , Armada sibuk promo album keempat bertajuk Satu_Hati_Sejuta_Cinta yang dirilis resmi 18 April 2012
6|6|6|1|7|7|3|16|16|Tahun 2014 ini adalah tahun penting bagi Suju karena mereka merilis album ke - 7 , Mamacita
6|6|6|1|6|6|3|14|14|COM , JAKARTA - Grup musik The_Cangcuters resmi merilis album trilogi kedua yang bertajuk Binauralis di kawasan Cikini , Jakarta Pusat , Rabu ( 1 / 3 / 2017 )
7|7|6|1|12|12|3|8|8|Januari lalu ia telah merilis mini album bertajuk Post_Traumatic yang didedikasikan untuk Chester_Bennington
6|6|6|1|4|4|3|8|8|Di tahun 2001 , Slank merilis album berjudul Virus
7|7|7|1|9|9|3|20|20|Untuk proyek single kali ini , Muse kembali menggandeng Rich_Costey , yang memproduseri album ketiga dan keempat mereka , yaitu Absolution dan Black Holes and Revelation
7|7|7|1|10|10|3|5|5|Lewat mini album keduanya bertajuk Again_,_If_Fall_Comes anggota termuda dari grup Super_Junior ini akan menyapa para fansnya melalui berbagai lagu romantis musim gugur
6|6|6|1|9|9|3|17|17|Musik Merdeka merupakan sebuah gelaran musik yang dibuat oleh JFlow untuk meluncurkan album ketiganya yang bertajuk " Refill "
6|6|6|1|5|5|3|2|2|Bertajuk " Winter_is_Coming , " Taeyeon memilih " This Christmas " sebagai lagu andalannya untuk album terbarunya
6|6|6|1|6|6|3|12|12|Sekadar tahu , di album pertama d_Masiv rilis album dengan tajuk " Perubahan " ( 2008 ) , kemudian album selanjutnya bertajuk " Perjalanan " ( 2010 ) , dan album ketiga mereka menamakan albumnya , " Persiapan " ( 2012 )
7|7|7|1|6|6|3|20|20|Penyanyi jazz yang sempat berkolaborasi dengan Maurice_Brown dan Incognito dalam Bali Live International Jazz Festival 2014 itu merilis album berjudul Sound_of_the_Mystical_Vibe bersama grup bandnya , Menariknya , saat masuk dapur rekaman pria kelahiran Surabaya 13 Juli 1978 yang memproduseri album ini mengemasnya secara berbeda
6|6|7|1|12|12|3|5|5|Delapan lagu dalam album bertajuk Bebi_Romeo_-_Glenn_Fredly tersebut , merupakan gabungan lagu ciptaan Bebi_Romeo dan Glenn Fredly
6|6|6|1|11|11|3|14|14|Legenda punk , Ramones , ingin cover albumnya mirip cover album The_Beatles yang berjudul Meet_The_Beatles Namun karena terlalu sulit , akhirnya Ramones meminta fotografer Roberta Bayley untuk memotret mereka di depan dinding bata dengan pakaian mereka sehari - hari
6|6|6|1|6|6|3|33|33|Meski belum diketahui apakah nantinya Imagine Dragons akan menjadi band pop , rock atau pop - rock , karena bagaimanapun album ini merupakan pergulatan dari genre - genre tersebut , tapi tetap saja Evolve adalah album yang menyenangkan untuk didengar , tidak pernah membosankan dan sangat - sangat entertaining
6|6|6|1|15|15|3|8|8|Seperti yang pernah diberitakan sebelumnya , album bertajuk SECOND_CHANCE ini berisi komposisi - komposisi lama NOAH saat masih bernama Peterpan yang sudah diaransemen ulang
7|7|7|1|7|7|3|13|13|Lagu Aku Cinta Padamu yang akan dinyanyikan Eros_Tjokro masuk dalam album kompilasi bertajuk Great_Composers , album yang berisi para penyanyi muda yang akan menyanyikan ulang lagu - lagu lawas milik James F
7|7|7|1|19|19|3|5|5|Dalam sebuah album kompilasi bertajuk New_Beginning_09 yang diluncurkan awal Juni 2009 , terdapat sembilan band yang tergolong baru yaitu The_Virgin , The Law , Lucky Laki , The Moon , Zewex and The Cuncuzna , Airplay , Rafflesia , Kamusuka , dan Tiramizu
6|6|6|1|7|7|3|15|15|Awal bulan ini SM Entertainment mengumumkan bahwa Red_Velvet akan melakukan comeback dengan mini album bertajuk Summer_Magic
6|6|6|1|8|8|3|16|16|Garis grafik yang menukik tajam juga dibuat oleh Ariana_Grande dengan single pertama dari album keduanya , Problem
6|6|6|1|0|0|3|23|23|One_Direction , yang saat ini digawangi Harry Styles , Louis Tomlinson , Liam Payne , dan Niall Horan , berencana merilis album bertajuk Made_In_The_A
7|7|7|1|8|8|3|1|1|Album Perfect_Moment diproduseri oleh songwriter dan arranger andal Ifa_Fachir , dan didukung oleh musisi handal seperti Tohpati , Abenk Alter , Asta RAN , Randy MP , dan Barry Maheswara
6|6|6|1|4|4|3|10|10|Bukan hanya single , Caroll langsung merilis sebuah album bertajuk HANYA_UNTUKMU
6|6|6|1|20|20|3|23|23|Seperti yang dilansir dari Hollywoodlife , Senin ( 31 / 3 / 2014 ) , Epic Records mengumumkan album baru Michael_Jackson bertajuk " Xscape " akan dirilis 13 Mei mendatang
6|6|6|1|9|9|3|15|15|com - Setelah melakukan penantian sekian lama , akhirnya Rendy_Pandugo merilis album solonya yang bertajuk The_Journey , pada 11 Agustus 2017
6|6|6|1|7|7|3|20|20|com - - Penyanyi kenamaan Indonesia , Ita_Purnamasari ( 47 ) menuangkan perjalanan spiritualnya ke dalam sebuah album religi bertajuk Spiritual_Journey
6|6|6|1|3|3|3|18|18|com - Penyanyi Danilla_Riyadi ( 27 ) membutuhkan waktu dua tahun lamanya untuk mempersiapkan album terbarunya yang bertajuk Lintasan_Waktu
6|6|6|1|6|6|3|18|18|COM - Band asal Inggris , Coldplay , telah mengumumkan bahwa mereka akan merilis album terbaru yang bertajuk A_Head_Full_Of_Dreams pada 4 Desember 2015 nanti
6|6|6|1|19|19|3|17|17|Jakarta , CNN Indonesia - - Berbeda dengan album - album sebelumnya , dalam album mini terbaru Shangri_-_La , VIXX berani bereksperimen dengan mencampurkan elemen kebudayaan oriental dengan fantasi unik
6|6|6|1|5|5|3|8|8|Kabar terakhir , album baru Rihanna akan bertajuk Anti namun belum diketahui tanggal perilisannya
7|7|6|1|2|2|3|13|13|Tapi , Noni tetap harus menjalani audisi untuk masuk dalam album kompilasi berjudul Di_Atas_Rata_-_Rata
6|6|6|1|0|0|3|9|9|Radiohead terakhir kali merilis album pada 2011 yang bertajuk The_King_Of_Limbs
7|7|7|1|32|32|3|13|13|Pasalnya , Nagaswara kali ini kembali merilis album kompilasi terbaru yang diberi nama New_Funtastik_Hits yang merupakan album VCD Karaoke Senam Aerobik , yang dibawakan oleh sejumlah artis , seperti Zaskia Gotik , Fitri_Carlina , Duo Anggrek , Bebizy , Hesty Klepek Klepek , Sherly Mey , Ratu Idola , Meggy Diaz , Ucie Sucita , Denias dan Susi Ngapak
7|7|7|1|15|15|3|8|8|Selanjutnya , ia tengah merampungkan album perdana bertajuk Mahligai_Cinta ciptaan Wawan Asmara yang musiknya besutan Oedin_Melody
6|6|6|1|16|16|3|25|25|com Setelah kali terakhir merilis album 36th pada tujuh tahun lalu , grup rock legendaris , God_Bless , akhirnya kembali merilis album baru yang bertajuk Cermin_7
6|6|6|1|20|20|3|31|31|com , SIANTAR - Penyanyi asal Pematangsiantar , yang beberapa waktu lalu konser bersama musisi asal Austria Hermann Delago , Retta_Sitorus , baru - baru ini meluncurkan album baru berjudul " Batak_Sensational_Retta_Sitorus "
6|6|6|1|13|13|3|26|26|id - Setelah lama vakum dari jagat hiburan Tanah Air , tahun ini Caroline_Gunawan atau yang akrab disapa Alena Wu kembali merilis album barunya yang berjudul Xing_Fu_(_Blessed_)
6|6|6|1|21|21|3|12|12|com - Beberapa musisi papan atas berkolaborasi dalam sebuah album yang berjudul SATU , beberapa di antaranya adalah Ariel NOAH , Iwan_Fals dan Ryan d Masiv
6|6|6|1|6|6|3|8|8|Lagu Berdua masuk dalam album kedua Calvin bertajuk self_-_titled ( Calvin Jeremy ) yang dirilis pada 2012 yang diproduksi secara independen
7|7|7|1|18|18|3|2|2|Album berjudul Indahnya_Sepi yang telah dirilis 30 tahun lalu , tepatnya pada 1981 , itu dirilis kembali oleh Demajors dalam format cakram padat
6|6|6|1|4|4|3|10|10|com - Grup band Kotak akhirnya merilis album terbaru bertajuk LONG_LIVE_KOTAK
7|7|7|1|12|12|3|1|1|Album Gore diproduseri oleh Matt Hyde dan terdapat beberapa kolaborasi bersama dengan Jerry_Cantrell , personel Alice In Chains
6|6|6|1|18|18|3|27|27|Meski sudah 55 tahun , usia yang tidak ideal untuk memulai karier sebagai pelaku di industri hiburan , Boedi tetap berkarya dengan meluncurkan mini album bertajuk " Self_Title "
6|6|6|1|16|16|3|20|20|com - Berawal dari iseng mengcover lagu orang lain yang diunggah ke situs You Tube , Ayushita merilis album bertajuk MORNING_SUGAR
7|7|7|1|17|17|3|11|11|Singel kedua itu merupakan materi lagu untuk album perdana yang bertajuk Adendum , yang juga diproduseri oleh Iga
7|7|6|1|0|0|3|2|2|U2 mendepak Reputation setelah albumnya yang bertajuk Songs of Experience laku keras di pekan pertama penjualan
6|6|6|1|0|0|3|8|8|Payung_Teduh belum lama ini merilis album baru bertajuk Mendengar_Suara
7|7|7|1|18|18|3|53|53|Album ketiga dari ratu slowpop Lana Del Rey telah dirilis untuk melanjutkan Born to Die dan dikerjakan bersama Dan_Auerbach vokalis dan gitaris The Black Keys yang sebelumnya telah memproduseri banyak album blues rock dan americana , selain itu Lana juga dibantu oleh Paul Epworth , Greg Kurstin dan Rick Nowels dalam pengerjaan album Ultraviolence
6|6|6|1|5|5|3|8|8|Permintaan untuk mini album kedua Aille yang bertajuk A_Doll_House juga sangat tinggi
6|6|6|1|12|12|3|25|25|Jakarta , CNN Indonesia - - Grup musik trio asal Yogyakarta , Fonticello akhirnya merilis debut mini album perdananya bertajuk nama grup itu sendiri , Fonticello
6|6|6|1|7|7|3|5|5|Terakhir pada album ketiga bertajuk Indonesian_Songbook , Shadow_Puppets berkolaborasi dengan Harvey Malaiholo yang mendapatkan respons positif dari penikmat musik
6|6|6|1|5|5|3|14|14|Seperti diketahui , terakhir kali Arctic_Monkeys merilis album ke - lima mereka yang bertajuk AM pada 2013
6|6|6|1|8|8|3|10|10|Kill Em With Kindness termasuk dalam album teranyar Selena_Gomez bertajuk Revival
7|7|7|1|0|0|3|16|16|West dan Jay Z juga diajak Drake berkolaborasi dalam lagu Pop Style yang terdapat dalam album Views
6|6|6|1|6|6|3|15|15|( Lihat Foto Masa Keemasan Karir Whitney_Houston ) Bintangnya makin bersinar saat meluncurkan album bertitel Whitney_Houston
6|6|6|1|30|30|3|33|33|Sam Smith dengan albumnya yang berjudul In The Lonely Hour memimpin invasi Inggris di daratan Amerika , karena penjualan albumnya sangat laris dalam jutaan kopi lebih , mengalahkan penjualan album One_Direction yang bertajuk Four
6|6|6|1|8|8|3|15|15|com , Tokyo , Jepang Grup band Jepang Bump_of_Chicken yang baru saja merilis album bertajuk Ray , sudah merilis sebuah video untuk lagu berjudul sama seperti albumnya , Ray
6|6|6|1|7|7|3|14|14|Menggandeng Fariz RM sebagai pelatih vokal , Ayu siap dengan album terbaru bertajuk " Smaragama "
6|6|6|1|9|9|3|7|7|Setelah tahun 2009 mengeluarkan album perdana bertajuk New_Beginning , The_Virgin belum lagi memiliki album
6|6|6|1|17|17|3|26|26|CO , Klaten - Tiga tahun setelah merilis album perdana yang berjudul sama dengan nama bandnya , Merah Bercerita kini sedang menyiapkan album kedua yang berjudul Nyanyian_Sukma_Lara
7|7|6|1|2|2|3|20|20|Junior dari SNSD ini merilis cuplikan teaser pendek untuk lagu Dumb Dumb yang terdapat dalam album full pertama mereka , The_Red
6|6|6|1|14|14|3|16|16|com , Jakarta - Berikut lirik lagu " Good Evening " dari album terbaru SHINee bertajuk The_Story_of_Light
7|7|7|1|9|9|3|5|5|Terdapat 10 lagu dalam album Wildness yang diproduseri oleh Jacknife_Lee tersebut
6|6|6|1|1|1|3|4|4|Album Rihanna yang bertajuk Unapologetic menduduki peringkat pertama tangga album Billboard 200 meski menuai kritik beragam
6|6|6|1|4|4|3|11|11|com - Grup band Naif baru saja merilis album terbarunya , 7_BIDADARI , dan jadi rilisan penuh ketujuh mereka selama berkiprah di industri musik Indonesia
6|6|6|1|0|0|3|17|17|Green_Day terakhir kali merilis lagu pada 2012 silam dalam album triloginya yang bertajuk Uno , Dos dan Tres
7|7|7|1|6|6|3|12|12|Diproduseri oleh Berryman , Buckland , Champion , dan Martin , album Ghost_Stories Coldplay bakal dilepas ke publik pada 19 Mei mendatang di Amerika Serikat
6|6|6|1|14|14|3|17|17|com - Agensi YG Entertainment akhirnya merilis daftar lagu di album kedua idol grup 2_NE1 yang bertajuk CRUSH pada Rabu ( 19 / 2 ) kemarin
6|6|6|1|14|14|3|17|17|Pada saat itu Kanye membantu untuk memproduseri lagu Poppa Was a Playa dari album Nas yang berjudul THE_LOST_TAPES
6|6|6|1|8|8|3|10|10|Lagu tersebut rencananya akan masuk dalam album terbaru Ariana bertajuk My_Everything yang akan dirilis 25 Agustus mendatang
6|6|6|1|2|2|3|7|7|COM - Taylor_Swift merilis album terbarunya bertajuk Reputattion
6|6|6|1|2|2|3|19|19|Buktinya , GOT7 yang diasuh JYP Entertainment sempat menduduki posisi teratas di chrat ternama dunia Billboard , dengan album Mad yang rilis 2015 silam
7|7|7|1|4|4|3|1|1|Album Gore diproduseri oleh Matt_Hyde dan terdapat beberapa kolaborasi bersama dengan Jerry Cantrell , personel Alice In Chains
6|6|6|1|2|2|3|13|13|Setelahnya , Isyana_Sarasvati menyanyikan lagu Terpesona yang merupakan single dari album keduanya , Paradox ( 2017 )
6|6|6|1|5|5|3|4|4|Lewat album yang bertajuk Emotions Mariah_Carey kembali sukses dengan lirik lagunya yang manis dan alunan musik yang trend di eranya
7|7|7|1|10|10|3|4|4|Dalam album perdana bertajuk Seeds , ia dibantu adiknya , Bam_Mastro yang merupakan personel band Elephant Kind
6|6|7|1|12|12|3|17|17|Penyanyi itu , yakni Opick dengan album berjudul Sang Maha Cahaya dan Hadad_Alwi yang mengeluarkan album bertajuk Pelangi_Cinta_Untuk_Sang_Nabi
6|6|6|1|6|6|3|9|9|Lagu ini termasuk dalam album baru Kahitna yang bertajuk Rahasia_Cinta ( 2016 )
6|6|6|1|14|14|3|17|17|Ke - empat lagu itu juga akan masuk dalam album baru ke - 12 Green_Day yang bertajuk Revolution_Radio
6|6|6|1|1|1|3|11|11|Adalah Mariah_Carey yang memiripkan cover art untuk dua album Natalnya , Merry_Christmas ( 1994 ) dan Merry Christmas II You ( 2010 ) , pun untuk album kompilasinya #1s ( 1998 ) dan #1 to Infinity ( 2015 )
6|6|6|1|7|7|3|19|19|Penyanyi beraliran soul dan Ramp B yaitu R_Kelly , baru - baru ini berencana untuk merilis sebuah album bertajuk Black_Panties pada 11 November 2013 mendatang
6|6|6|1|25|25|3|33|33|Mungkin sama ( dengan Rihanna ) , karena kulit gelap , terus rambut begini karena dari dulu memang ingin punya rambut pendek , " kata Nowela saat konferensi pers peluncuran album perdana bertajuk #1 di Menteng , Jakarta Pusat , Selasa , 24 Mei 2016
6|6|6|1|0|0|3|22|22|The_Rain sebelumnya telah merilis lima album studio bertajuk Hujan Kali Ini ( 2003 ) , Senandung Kala Hujan ( 2005 ) , Serenade ( 2007 ) , Perjalanan Tak Tergantikan ( 2009 ) dan Jingga Senja dan Deru Hujan ( 2012 )
6|6|6|1|10|10|3|12|12|Kinoy Kapan Lagi # Lupain Mantan Gandeng Musisi Ternama , Superglad Rilis Album_Terangkan_Dunia_Energi_Luar_Biasa , NTRL Gebrak Kota Malang Bawakan 13 Lagu , Souljah Tampil Atraktif di Kota Malang Adam Lambert Utarakan Keinginannya Jadi Vokalis Led Zeppelin ( kpl / far / pit )
6|6|6|1|4|4|3|14|14|Di sisi lain , Foo_Fighters belum lama ini telah merilis album baru mereka bertajuk Concrete_and_Gold
6|6|6|1|10|10|3|13|13|Let It Happen , lagu dalam album ke - tiga Tame_Impala yang bertajuk Currents dan dirilis pada 2015 , menjadi yang pertama kali dinyanyikan
7|7|7|1|13|13|3|8|8|Untuk informasi , album pertama mereka bertajuk " Say_Hi_To_Hi_Vi " diproduseri oleh Nino RAN
6|6|6|1|1|1|3|7|7|Kini Brian sudah merilis album perdana bertajuk Amen yang sempat memuncaki tangga lagu di beberapa negara
7|7|6|1|1|1|3|17|17|Band Noah merupakan salah satu dari empat band ternama Indonesia yang tergabung dalam projek album bertajuk " Satu " tersebut
6|6|7|1|19|19|3|24|24|com - Kejayaan lagu - lagu pop yang sangat tenar pada tahun 80 - 90an kembali diangkat oleh penyanyi Rio_Febrian dalam album anyar bertajuk The_Greatest_Indonesian_Love_Songs
6|6|6|1|1|1|3|11|11|JAKARTA Marcell_Siahaan menampilkan hal yang cukup berbeda dalam album keenamnya bertajuk Jadi_Milikku
6|6|6|1|5|5|3|2|2|Sebelum album Princess_Syahrini dirilis , Syahrini baru memiliki tiga album , yaitu dua album solo , berjudul My Lovely ( 2008 ) dan Semua karena Cinta ( 2012 ) serta satu album mini duetnya dengan Anang Hermansyah , berjudul Jangan Memilih Aku ( 2009 )
6|6|6|1|3|3|3|7|7|Pada 2015 , The_Overtunes merilis album berjudul Selamanya dan pada 2016 extended version - nya bertajuk Selamanya
6|6|6|1|4|4|3|9|9|Saat bergabung dengan kelompok SWAMI dan merilis album bertajuk SWAMI pada 1989 , nama Iwan semakin meroket dengan mencetak hits Bento dan Bongkar yang sangat fenomenal
6|6|7|1|15|15|3|25|25|Jakarta , CNN Indonesia - - Produser Steve Albini melelang tiga mikrofon milik band legendaris Nirvana yang pernah digunakan untuk merekam album terakhir mereka , In_Utero
6|6|6|1|2|2|3|4|4|Album kedua The_1975 berjudul I_Like_It_When_You_Sleep_For_You_Are_So_Beautiful_Yet_So_Unaware_of_It
7|7|7|1|9|9|3|4|4|Pada album religi bertajuk ISLAM_ITU_INDAH tersebut Salman berfeaturing dengan Yudan
6|6|6|1|9|9|3|15|15|com - Seperti yang diketahui , beberapa waktu lalu Paul_Mc_Cartney mengumumkan album barunya yang berjudul EGYPT_STATION
6|6|6|1|19|19|3|27|27|Dengan album debutnya , The Lateness of the Hour , yang cukup sukses , tidak perlu waktu lama bagi Alex_Clare untuk menyusul menghadirkan album sophomorenya yang bertajuk Three_Hearts
6|6|6|1|11|11|3|19|19|ID , JAKARTA - - Grup band beraliran Punk Rock , Speak_Up resmi merilis album ketiga mereka bertajuk " Lini_Waktu "
6|6|6|1|7|7|3|13|13|com - Grup musik bergenre reggae , Gangstarasta telah merilis album terbaru bertajuk BETTER_WAY pada tahun 2015 silam
6|6|6|1|11|11|3|13|13|Lagu Vegas dijelaskan akan menjadi bagian dari album ke - 9 Eminem bertajuk Shady_XV compilation album
6|6|6|1|16|16|3|20|20|Bimbo merilis album bertajuk B IMBO Friends Warisan , Opick dengan Salam Ya Rosulullah , dan GIGI merilis lagu berjudul Aku_dan_Aku
6|6|6|1|16|16|3|6|6|com - Setelah album pertama bertajuk THE_BATTLE yang dirilis pada tahun 2013 , band Jazz , Fusion_Stuff kembali merilis album di awal tahun 2018 ini
6|6|6|1|11|11|3|6|6|com - Sukses album perdana bertajuk REINKARNASI , grup band metal Death_Distortion merilis single terbaru berjudul Terserah
6|6|6|1|5|5|3|15|15|COM , JAKARTA - Penyanyi Gavin_MJ rupanya memendam harapan besar di album barunya bertajuk " Satu_Hati "
6|6|6|1|10|10|3|19|19|com - Pedangdut yang terkenal lewat single Alamat Palsu , Ayu_Ting_Ting , telah merilis album ke - 3 bertajuk BEST_OF_Ayu_Ting_Ting
6|6|6|1|6|6|3|40|40|Sebelum album Princess Syahrini dirilis , Syahrini baru memiliki tiga album , yaitu dua album solo , berjudul My Lovely ( 2008 ) dan Semua karena Cinta ( 2012 ) serta satu album mini duetnya dengan Anang Hermansyah , berjudul Jangan_Memilih_Aku ( 2009 )
7|7|7|1|21|21|3|1|1|Album Undivided memiliki lima lagu dengan lagu unggulan Light dan diproduseri oleh sejumlah musisi ternama seperti rapper Zico dan band indie Nell
7|7|7|1|3|3|3|11|11|Supplies diproduseri oleh Pharrell_Williams yang juga membantu Timberlake pada debut album Justified ( 2002 )
6|6|6|1|9|9|3|19|19|ID , JAKARTA - - Boy band asal Inggris One_Direction baru saja merilis lagu baru dari album mendatang mereka Made_in_AM yang berjudul " End of the Day "
6|6|6|1|3|3|3|9|9|com , Seoul 2_NE1 hadir dengan album terbaru bertajuk Crush
6|6|6|1|0|0|3|10|10|Mocca kembali merilis album kedua mereka tahun 2005 bertajuk " Friends " masih dibawah label , FFWD
6|6|6|1|3|3|3|5|5|Single terbaru / Rif berjudul Nikmati_Aja akan mengawali langkah grup band asal Bandung ini untuk kembali merilis album ke sembilannya
6|6|6|1|12|12|3|4|4|Album terbarunya yang bertajuk Reputation resmi terjual lebih dari 2 juta copy Taylor_Alison_Swift adalah seorang penyanyi asal Pennsylvania , Amerika Serikat
7|7|6|1|5|5|3|3|3|Dalam konser bertajuk Road_to_New_Album itu Ariel CS bakal membocorkan sejumlah lagu baru yang masuk dalam album kedua mereka
6|6|6|1|8|8|3|6|6|Sub Pop juga merilis album berjudul BLEACH milik Nirvana pada tahun 1989
6|6|6|1|11|11|3|18|18|JAKARTA - Sukses dengan album Tak Selamanya Selingkuh Itu Indah , Merpati_Band kini siap merilis album terbaru bertajuk Setia_Seutuhnya_Denganku
6|6|6|1|9|9|3|15|15|Single Heart of Gold sendiri masuk dalam album kedua Birdy yang rilis tahun 2013 bertajuk FIRE_WITHIN
6|6|6|1|7|7|3|13|13|Jakarta , CNN Indonesia - - Band Gorillaz menjadwalkan perilisan album terbaru bertajuk The_Now_Now pada 29 Juni mendatang
6|6|6|1|4|4|3|13|13|com , Jakarta - Rinni_Wulandari kembali menyapa penggemar lewat album baru bertajuk , I_Am_Independent
6|6|6|1|11|11|3|13|13|Singel Gods Plan merupakan salah satu nomor lagu dalam album terbaru Drake bertajuk Scary_Hours yang dirilis pada 20 Januari 2018
6|6|6|1|11|11|3|7|7|Namun setelah merilis album musik perdana bertajuk The_Sound_of_Mystical_Vibe pada 2014 , Rio merasa harus ikut mengharumkan nama Indonesia di industri musik dunia , terutama negara tetangga terdekat di ASEAN
6|6|6|1|0|0|3|10|10|Mitchell pertama kali dikenal di dunia hiburan setelah merilis album Song_to_Seagull pada 1968
7|7|7|1|13|13|3|1|1|Album Fantastic sendiri berisi 6 lagu , termasuk 4 lagu yang diproduseri oleh Noize_Bank , Chanyeol " EXO " , Hoya " Infinite " , dan Selugi " S
6|6|6|1|0|0|3|10|10|The_Young_Liars juga baru saja merilis album debut mereka yang bertajuk Rue_Massena
7|7|7|1|13|13|3|2|2|Untuk album Satu , Iwan menggandeng NOAH , Nidji , Geisha , dan D_Masiv
6|6|6|1|4|4|3|10|10|com - Penyanyi Jepang Ayumi_Hamasaki bakal merilis album kompilasi berjudul A_SUMMER_BEST yang berisi kumpulan lagu - lagu hitsnya pada tanggal 8 Agustus mendatang
6|6|6|1|6|6|3|14|14|Setelah merilis single , Yoiqball dan Yandi rencananya akan merilis album perdana yang bertajuk ARE_YOU_READY pada bulan April mendatang
6|6|6|1|14|14|3|19|19|Jakarta , CNN Indonesia - - Band indie bergenre rock asal Korea Selatan , Nell , merilis album barunya C pada 19 Agustus 2016 lalu
6|6|6|1|7|7|3|21|21|BANDUNG , ( PRLM ) , - Trio_Electra yang beranggotakan Linda , Prima , dan Evan meluncurkan album perdana bertajuk " Cinta_di_Dada "
7|7|6|1|0|0|3|7|7|Nate pun juga mengomentari album Kanye berjudul My_Beautiful_Dark_Twisted_Fantasy sebagai album hip hop yang progresif
7|7|7|1|46|46|3|53|53|Album ketiga dari ratu slowpop Lana Del Rey telah dirilis untuk melanjutkan Born to Die dan dikerjakan bersama Dan Auerbach vokalis dan gitaris The Black Keys yang sebelumnya telah memproduseri banyak album blues rock dan americana , selain itu Lana juga dibantu oleh Paul Epworth , Greg_Kurstin dan Rick Nowels dalam pengerjaan album Ultraviolence
7|7|6|1|11|11|3|8|8|Lewat label itu Mondo memproduseri Ayushita ( album Morning_Sugar ) , Payung_Teduh ( album Dunia Batas ) , dan sempat membesut Noh Salleh ( album Angin Kencang )
6|6|6|1|6|6|3|13|13|com - Sekian lama ditunggu , Tulus akhirnya merilis album terbarunya yang bertajuk MONOKROM pada pada hari ini , Rabu ( 3 / 8 )
7|7|6|1|6|6|3|21|21|COM , JAKARTA - Mantan vokalis Jikustik Pongki Barata kembali menyemarakkan belantika musik Indonesia dengan merilis album keduanya yang bertajuk " Meets_The_Stars "
6|6|7|1|16|16|3|13|13|com - Tak seperti musisi lainnya , popularitas yang menanjak akibat kesuksesan album NEVERMIND tak membuat Nirvana terutama Kurt Cobain bangga
6|6|6|1|9|9|3|7|7|JAKARTA - Di album barunya yang bertajuk Palalopeyank , Slank membuat satu lagu khusus untuk mengenang pengarang besar Indonesia , Chairil Anwar
6|6|6|1|5|5|3|14|14|Sejak 1975 sampai 2015 , Motorhead telah merilis 23 album , yang terbaru bertajuk Bad_Magic pada Agustus kemarin
7|7|7|1|14|14|3|16|16|Sebagai bocoran , Boyzone membawakan salah satu single terbaru dalam album yang diciptakan oleh Ed_Sheeran berjudul Because
6|6|6|1|2|2|3|8|8|COM - Red_Velvet kembali mengeluarkan mini album berjudul Russian_Roulette
7|7|7|1|5|5|3|16|16|Lewat label itu Mondo memproduseri Ayushita ( album Morning Sugar ) , Payung Teduh ( album Dunia_Batas ) , dan sempat membesut Noh Salleh ( album Angin Kencang )
6|6|6|1|2|2|3|8|8|Album terbaru Kim_Hyun_Joong yang dirilis di Korea bertajuk Timing , mulai dipasarkan 11 Juli mendatang
7|7|7|1|0|0|3|14|14|Once sendiri terlibat dalam proyek kolaborasi bersama penyanyi belia Shakira Jasmine dalam album kompilasi Energy_of_Asia untuk Asian Games 2018
6|6|6|1|1|1|3|9|9|Nama Rossa mulai dikenal setelah merilis album pertama bertajuk Nada_Nada_Cinta ( 1995 ) tepatnya dirilis pada tanggal 27 Januari 1995 dengan lagu andalannya Nada Nada Cinta dan Meskipun Cinta
6|6|6|1|7|7|3|11|11|ID , JAKARTA - - Grup band Noah meluncurkan album bertajuk Second_Chance , Selasa ( 30 / 12 )
6|6|6|1|10|10|3|47|47|Setelah menyanyikan lagu yang berasal dari album terbarunya itu , Katy membawakan dua lagu dari album yang berbeda , yaitu " The One That Got Away " dari album Teenage Dream yang dinyanyikan secara medleybersama dengan " Thinking Of You " , yang berasal dari album One of_The_Boys
6|6|6|1|0|0|3|11|11|Skrillex sendiri telah merilis satu album solo perdananya pada 2014 bertajuk Recess
7|7|7|1|12|12|3|3|3|Pada album " Persona " , penyanyi berusia 26 tahun ini menggandeng Nino ( RAN ) , Lale dan Ilman Maliq D Essentials untuk memproduseri musik serta sembilan lagu yang tersaji
6|6|6|1|8|8|3|5|5|Di album terbarunya bertajuk " Poet_Artist , " Jonghyun memasukkan 11 lagu , yakni " Shinin , " " Only One You Need , " " #hashtag , " " Grease , " " Take the Dive , " " Sightseeing , " " Rewind , " " Just For A Day , " " Im So Curious , " " Sentimental " dan " Before Our Spring
6|6|6|1|0|0|3|19|19|ACILA yang diketuai oleh Tika Bisono , akhirnya berhasil merilis album yang berisikan 12 lagu anak - anak bertajuk Pelangi_Acila pada hari Jumat ( 27 / 12 / 2013 )
6|6|6|1|3|3|3|8|8|Hal itu diungkapkan Bens_Leo , saat merilis album Festival_Lagu_Anak_Nusantara di Jakarta Convention Center , Selasa 15 Desember 2015 , di depan banyak anak - anak dan pelajar sekolah dasar
7|7|7|1|32|32|3|11|11|Pada September itu , ia merilis mini - album pertamanya , Everybody_Ready_? , yang menampilkan sesama artis JYP Entertainment , yakni Min ( Miss A ) , dan Joo dan Yeeun ( Wonder_Girls )
6|6|6|1|7|7|3|13|13|Di tempat keempat , terdapat band akapela Pentatonix dengan album spesial Natal bertajuk Thats_Christmas_to_Me dengan kenaikan penjualan sebesar 140 ribu kopi
6|6|6|1|13|13|3|10|10|Beberapa lama usai mereka merilis album perdana , bertajuk " Utopia " , Utopia harus rela ditinggal Buche karena perbedaan prinsip
6|6|6|1|24|24|3|36|36|CO , Jakarta - Setelah sukses menggelar konser pemanasan bersama Aryo Wahab pada 4 November 2014 lalu di Butchers Bill , Bandung , musisi A_Ray_Daulay kembali mengadakan pertunjukan lanjutan dalam rangka tur promo albumnya yang bertajuk On_The_Move di Taman Kemang , pada 10 November 2014
6|6|6|1|0|0|3|7|7|Akar_Bambu juga sudah menghadirkan album mini berjudul Hikayat_Negeri_Petani berisikan enam buah lagu , satu di antaranya dikemas dalam bentuk instrumen
6|6|6|1|0|0|3|8|8|Red_Velvet akan comeback dengan album repackage bertajuk " The_Perfect_Red_Velvet
6|6|6|1|3|3|3|22|22|com - Boyband TVXQ baru saja merilis PV untuk lagu I Know dan Catch Me dari album single Jepang terbaru mereka , Catch_Me_-_if_You_Wanna -
6|6|6|1|5|5|3|10|10|Selama masa kehamilan Rizky , Rossa membuat album kompilasi bertajuk Yang_Terpilih yang dirilis pada bulan Desember 2006
6|6|6|1|13|13|3|28|28|com , Jakarta Dua tahun tak mengeluarkan album , Band asal Bandung , Five_Minutes kembali datang ke panggung musik Tanah Air untuk menyodorkan karya terbaru mereka yang bertajuk Terdampar_di_Hatimu
6|6|7|1|3|3|3|15|15|Momo , vokalis Geisha mengatakan , nantinya lagu tersebut akan masuk ke dalam album " Tribute_to_Rinto_Harahap " bersama sejumlah band lainya seperti Noah , Nidji juga D Masiv
6|6|6|1|5|5|3|8|8|Baca juga 5 Pencapaian Besar BTS Berkat Album Love_Yourself_Tear " BTS , yang berarti kami akan menghadang prasangka dan penindasan yang dialami kaum remaja
7|7|6|1|5|5|3|25|25|Jakarta Soft Animal yang digagas Bayu_Adisapoetra sebagai proyek tunggal di luar Elephant Kind kini mengeluarkan Extended Play ( EP ) atau mini album perdananya bertajuk Nanook
6|6|6|1|3|3|3|0|0|Burning_Bridges adalah album Bon_Jovi pertama tanpa kehadiran Richie Sambora , gitaris mereka yang memutuskan untuk keluar beberapa waktu lalu
6|6|6|1|5|5|3|23|23|Pasalnya , dalam konser bertajuk BIGBANG 2015 WORLD TOUR MADE IN JAKARTA , salah satu personelnya menggoda untuk menyanyikan lagu anyar dari album MADE seri E
7|7|6|1|9|9|3|23|23|Disebutkan produser musik K - Pop papan atas , Double_Sidekick bertanggung jawab atas seluruh empat lagu di mini album terbaru mereka yang bertajuk EVERY_DAY_Girls_Day_III_-_SOMETHING yang resmi dirilis pada Jumat ( 3 / 1 ) hari ini
6|6|6|1|8|8|3|14|14|com , Jakarta Setelah enam tahun , akhirnya Ikke_Nurjanah kembali menelurkan sebuah album bertajuk I_Love_Dutkustik
6|6|6|1|6|6|3|10|10|com - Belum lama ini rapper Jay_Z merilis album bertajuk 444
6|6|6|1|10|10|3|30|30|Ya , genre dan musik ini bukanlah hal baru untuk Red_Velvet , yang sebelumnya pun sudah sukses dengan mini album Ice Cream Cake , Russian Roulette serta full studio album The_Red dengan genre yang sama
6|6|6|1|6|6|3|12|12|WARTA KOTA , JAKARTA - Penyanyi Rini_Wulandari meluncurkan album baru bertajuk " I_am_Independent " di Texas chicken , Jalan Cikini Raya , Jakarta Pusat Rabu ( 20 / 9 / 2017 )
7|7|7|1|18|18|3|23|23|com - Sebagai bentuk tanggung jawab demi melanjutkan tradisi menulis lagu untuk anak - anak , Fadly dan Rindra Padi memproduseri album bertajuk ANANDA_VCD_KARAOKE_BERSAMA_U_I
7|7|7|1|15|15|3|3|3|Saat mempromosikan album X di i Heart Media , Agnez mengungkap keinginannya untuk berkolaborasi dengan Timberlake
6|6|6|1|0|0|3|12|12|Astrid , tepat sekali mengalami hal tersebut di album ketiganya yang bertajuk Terpukau
6|6|6|1|0|0|3|17|17|Senar_Gitar merupakan grup musik yang beranggotakan mereka berdua yang memulai debutnya dengan merilis album perdana yang berjudul JOURNEY_OF_LIFE
6|6|6|1|3|3|3|10|10|JAKARTA - Penyanyi Gita_Gutawa akhirnya merilis album teranyarnya bertajuk " Next_Chapter "
6|6|6|1|4|4|3|21|21|Di usia 11 , Nike_Ardilla masuk dunia rekaman lewat sebuah single berjudul " Lupa Diri " yang dimuat dalam album kompilasi Bandung_Rock_Power ( 1987 )
7|7|6|1|16|16|3|23|23|com - Sebagai bentuk tanggung jawab demi melanjutkan tradisi menulis lagu untuk anak - anak , Fadly dan Rindra Padi memproduseri album bertajuk ANANDA_VCD_KARAOKE_BERSAMA_U_I
6|6|6|1|8|8|3|11|11|Jakarta - Pada 26 September lalu band punk Blink_182 resmi merilis Neighborhoods setelah 8 tahun tak membuat album
7|7|6|1|9|9|3|14|14|Konser yang dihadiri ratusan orang ini pun selesai selepas Once mendendangkan lagu dari album BINTANG_LIMA itu
7|7|6|1|10|10|3|8|8|Hanya saja , pada album keempat yang bertajuk self_titled , Padi mengecoh dengan memasukkan judul album kelima dalam sebuah single di album keempat , " Tak Hanya Diam
6|6|7|1|8|8|3|0|0|Ye adalah kedua dari delapan album yang diproduseri Kanye yang rencananya akan dirilis secara berturut di musim panas
7|7|7|1|4|4|3|18|18|Album yang diproduseri oleh Rick_Rubin ini adalah comeback nya Damien Rice ke blantika musik sejak album terakhirnya , 9 , rilis 2006 lalu
6|6|6|1|0|0|3|14|14|Maliq_D_Essential , grup band yang beraliran jazz ini , di album terbarunya yang bertajuk Sriwedari , menyelipkan sebuah musik dangdut yang diberjudul Drama Romantika
6|6|6|1|4|4|3|18|18|Setiba di Jakarta , Vidi_Aldiano pun menemui trio komposer yang juga pernah membantunya di album ketiga yang bertajuk Persona , mereka adalah Lale , Ilman , dan Nino
6|6|6|1|4|4|3|2|2|Dalam album California , Diplo berkolaborasi dengan DRAM di singel Look Back , dan Godlink di singel Get It Right
6|6|6|1|15|15|3|22|22|Kini , bapak empat putra itu kembali ke jalur musik yang telah digelutinya bersama dengan Rarizen_Band dengan mengeluarkan album mini yang bertajuk Indonesia_Mendunia
6|6|6|1|10|10|3|12|12|com - Ada yang menarik di acara launching album kedua I_Ketut_Rochineng bertajuk Nyujuh_Ipian di Gedung Ksirarnawa , Taman Budaya Bali di Denpasar
6|6|6|1|2|2|3|4|4|Album terakhir Lee_Seung_Gi bertajuk Forest dirilis 2012 silam
6|6|6|1|0|0|3|10|10|G-Friend Rilis Track Unggulan Bergenre Funky Disco “Fingertips” Untuk Album “The_Awakening”
6|6|6|1|6|6|3|4|4|Sementara itu dalam album Ultraviolence , Del_Rey telah meluncurkan dua single yang bertajuk West Coast dan juga Shades of Cool
6|6|6|1|11|11|3|20|20|CO , Jakarta - Jeda dua tahun dari album perdananya , Raisa_Andriana kembali meluncurkan karya baru lewat album kedua bertajuk Heart_to_Heart
6|6|6|1|13|13|3|16|16|Balon tiup setinggi 1 , 2 meter itu tampil dalam sampul album musik Pink_Floyd yang bertajuk Animals ( 1977 )
7|7|7|1|12|12|3|5|5|Direkam di London , album These_People diproduseri oleh rekan Ashcroft semasa di The_Verve , Chris Potter
6|6|6|1|18|18|3|9|9|Jauh berbeda dari genre musik yang dibawakannya di album I tahun lalu , SM Entertainment rupanya turut menenggelamkan Taeyeon ke genre musik elektronik untuk albumnya kali ini
6|6|6|1|4|4|3|14|14|Saat konser Korea , Infinite menampilkan lagu - lagu dari mini album terbaru mereka REALITY
6|6|6|1|4|4|3|2|2|Untuk album Seoulite , Lee_Hi berkolaborasi dengan sederet musisi dan rapper ternama , seperti Jonghyun SHINEe , Mino WINNER , DEAN , Philtre , Incredivle , dan Dok2
6|6|6|1|17|17|3|18|18|Kali ini , boy band dengan unity concept dari SM Entertainment ini meluncurkan mini album ketiga , NCT_#127 Cherry_Bomb dengan lagu unggulannya sendiri berjudul Cherry Bomb
6|6|6|1|2|2|3|6|6|Album perdana Geisha yang bertajuk " Anugerah_Terindah " menempatkan lagu " Jujurlah Padaku " sebagai hits andalan mereka
6|6|6|1|9|9|3|18|18|Mereka pertama kali merilis album bertajuk Say Hi to HIVI pada 2012 dan kembali merilis album kedua berjudul Kereta_Kencan
6|6|6|1|10|10|3|20|20|Di acara yang dipandu oleh Matthew Mc Conaughey itu , Adele tampil membawakan lagu Hello dari album musik baru bertajuk 25
7|7|6|1|3|3|3|26|26|Pria bernama asli Sonny_John_Moore itu menyumbang suara untuk album perdana mereka yang bertajuk Dear Diary , My Teen Angst Has A Bodycount ( 2004 ) dan Heroine ( 2006 )
6|6|6|1|9|9|3|18|18|JAKARTA - Penyanyi solo Marcellius Kirana Hamonangan Siahaan alias Marcell_Siahaan ( 35 ) resmi merilis album kelima bertajuk Platinum_Playlist , tadi sore
6|6|6|1|2|2|3|41|41|Sebelumnya , Tantowi_Yahya yang kini terjun ke dunia politik , sudah menelurkan enam buah album bernuansa country bertajuk Country Breeze ( 2000 ) , Southern Dreams ( 2002 ) , Country Manado ( 2003 ) , Friends ( 2005 ) , Livin_with_Dreams ( 2008 ) , dan Sings Evergreens ( 2013 )
6|6|6|1|0|0|3|19|19|Junho 2 PM - 11 September Personel 2 PM Junho mencoba untuk berkarier solo dengan merilis album mini bertajuk Canvas
6|6|6|1|5|5|3|7|7|ALBUM solo bassist Barasuara , Gerald_Situmorang bertajuk Solitude sudah bisa dinikmati pecinta musik Indonesia melalui format digital dan layanan musik streaming sejak 7 September 2016
7|7|6|1|9|9|3|26|26|She Wolf bukanlah kolaborasi pertama antara David Guetta dan Sia karena sebelumnya mereka sudah pernah berkolaborasi dalam lagu yang berjudul Titanium dan juga diambil dari album Nothing_But_The_Beat
6|6|6|1|6|6|3|12|12|Total 12 album sudah dirilis oleh Madonna sejak album pertamanya yang bertajuk Madonna pada 1983
7|7|7|1|6|6|3|22|22|Senin 2 Januari , mantan kekasih Katy_Perry ini mengumumkan jika ia akan merilis lagu - lagu dalam album terbarunya yang berjudul " The_Search_for_Everything " secara terpisah
6|6|6|1|31|31|3|7|7|Sukses besar merilis dua album awal , With_Ears_to_See_and_Eyes_to_Hear dan Lets Cheers to This plus satu mini album akustik , If You Were a Movie , This Would Be Your Soundtrack , SWS merasa harus segera menelurkan karya terbaik selanjutnya
6|6|6|1|10|10|3|17|17|Para personel Girls Generation atau So Nyuh Shi Dae ( SNSD ) sepakat jika album keenam , Holiday_Night , sangat sesuai untuk merayakan anniversary ke - 10 mereka
7|7|7|1|20|20|3|30|30|com - Iwan Fals mengajak grup band lainnya yang tergabung di bawah label Musica Studio seperti NOAH , Geisha , Nidji dan d Masiv untuk menggarap sebuah project album bertajuk SATU
7|7|7|1|27|27|3|2|2|Diberi tajuk New_Skin , yang membuat menarik , album itu diproduseri oleh pentolan band Queens of the Stone Age , Josh Homme dan di - mixing oleh Andrew_Scheps , engineer yang sudah tiga kali memenangkan penghargaan Grammy Awards , atas album Ziggy Marley , Adele dan Red Hot Chili Peppers
6|6|6|1|2|2|3|14|14|Sebelumnya , Williams menjalin kontrak dengan label EMI , yang mengeluarkan album terakhirnya , Reality_Killed_The_Video_Star , pada 2009
6|6|6|1|0|0|3|6|6|Lovelyz pun akan merilis album berjudul LOVELYZ8 tidak lama lagi
6|6|6|1|28|28|3|38|38|Kakak beradik Este Haim ( bass ) , Danielle Haim ( gitar dan lead vocals ) , dan Alana Haim ( gitar dan kibor ) yang tergabung dalam Haim begitu mencuri perhatian saat merilis album debut mereka , Days_Are_Gone , di tahun 2013
6|6|7|1|28|28|3|35|35|Lagu R14 awalnya enggak terpikirkan untuk masuk album , lagu itu didedikasikan untuk seorang teman , seorang pejuang dan perjuangannya menginspirasi kami , kata Bemby Gusti , drummer SORE , dalam jumpa pers peluncuran album Los_Skut_Leboys di Kebayoran Baru , Jakarta Selatan , Jumat ( 4 / 9 / 2015 )
7|7|6|1|20|20|3|7|7|Namun berbekal karya yang menarik , album The_Magic_Whip berhasil menapaki tangga lagu di Inggris , dan berhasil menggeser kedudukan album Taylor_Swift yang bertajuk 1989 ( 2014 ) pada 27 April yang lalu hingga saat ini
6|6|6|1|7|7|3|13|13|Beautiful merupakan single andalan dari album repackage Wanna_One berjudul 1 - 10 ( Nothing_Without_You )
6|6|6|1|3|3|3|7|7|Terakhir kali , Bz merilis album berjudul Cmon pada 2011 silam
6|6|6|1|7|7|3|9|9|Tentu saja , ini adalah tentang album Nirvana , Nevermind , yang dianggap sebagai salah satu album rock paling penting sepanjang masa
7|7|6|1|8|8|3|19|19|Selain lagu Princess Of China , Coldplay dan Rihanna juga akan membawakan beberapa lagu dari album baru yang bertajuk A_Head_Full_of_Dreams
6|6|6|1|7|7|3|0|0|Best_S_Club_7_The_Greatest_Hits merupakan judul album kompilasi hits milik S_Club_7 yang dirilis di tahun 2003
7|7|7|1|26|26|3|11|11|Selain merilis album rohani Youre My Destiny ( 2008 ) dan Pelangi_Kasih ( 2011 ) , sejumlah karyanya disertakan untuk album kompilasi , bersanding dengan vokalnya Jonathan_Prawira , Roni Sianturi , Febi Febiola , dan banyak artis lainnya
6|6|6|1|5|5|3|14|14|JAKARTA - Aktris sekaligus penyanyi Bunga_Citra_Lestari , diketahui baru saja merilis album terbarunya bertajuk "_Its_Me_BCL "
6|6|6|1|4|4|3|9|9|Pada November 2008 , Swift merilis album kedua berjudul Fearless yang mengantarkannya meraih empat Grammy Award , termasuk Album Terbaik Tahun 2008 pada perayaan Grammy Award ke - 52
6|6|6|1|0|0|3|8|8|Wanna_One merilis album debut mereka yang bertajuk 1x11 To_Be_One pada Agustus lalu dan menjadi salah satu debut terbesar dalam sejarah K - Pop
6|6|6|1|5|5|3|12|12|Ditemani oleh Yovie Widianto , Titi merilis album ke - 15 bertajuk Titi_In_Love_with_Yovie pada Rabu ( 9 / 12 / 2015 ) di kawasan Kemang , Jakarta Selatan
