8|8|8|1|13|13|4|25|25|Jakarta , CNN Indonesia - - Penyanyi mahsyur beraliran soul asal Amerika Serikat Brian_Mc_Knight menyanyikan lagu andalannya One Last Cry bersama Raisa dalam konser bertajuk The_90s_Soul_Ace di The Kasablanka Hall , Jakarta Selatan , Kamis ( 8 / 12 )
8|8|8|1|12|12|4|23|23|JAKARTA - Kabar bahagia datang untuk pecinta Kpop Indonesia karena grup musik TWICE akan menyapa langsung penggemarnya di Tanah Air melalui konser bertajuk TWICE_2_ND_TOUR_TWICELAND_ZONE_2_Fantasy_Park_IN_JAKARTA
9|9|8|1|29|29|4|12|12|Sementara itu baru - baru ini di program musik akhir tahun , SBS_Gayo_Daejun pada Minggu ( 29 / 12 ) kemarin , Girls Day menampilkan lagu milik idol grup A_Pink yang berjudul No No No sekaligus lagu Expectation milik mereka
8|8|8|1|20|20|4|22|22|00 WIB lampu panggung Tennis Indoor Senayan tiba - tiba redup dan instrumentasi musik etnik terdengar , menandakan dimulainya konser Maher_Zain bertajuk Malam_1000_Keberkahan_Maher_Zein
8|8|8|1|13|13|4|29|29|Hanya beberapa jam setelah pengumuman itu , Axl naik panggung bersama Slash dan Duff_Mc_Kagan dari Guns N Roses bersama gitaris sekaligus pendiri AC / DC Angus Young di konser Coachella
8|8|8|1|26|26|4|7|7|CO , Jakarta - Konser bertajuk " Eru_Concert_in_Jakarta_2013_with_K_-_pop " di Lapangan D Senayan , Jakarta , 20 April 2013 , menghadirkan penyanyi pendatang baru Korea , Ailee
8|8|8|1|20|20|4|23|23|Jakarta , CNN Indonesia - - Band rock Guns N Roses sempat manggung bareng dengan vokalis AC / DC , Angus_Young di pentas Coachella pada Sabtu ( 16 / 4 ) waktu setempat
8|8|8|1|4|4|4|2|2|Tampil di In_Between_Days_Festival membuat Sheila_Majid melepas kerinduan dengan para penggemarnya di Indonesia
8|8|8|1|24|24|4|11|11|id Gelaran musik yang diinisiasi oleh Komunitas Adiswara Gadjah Mada bertajuk Konser_Simfoni_Layar_Perak_Indonesia , bakal menampilkan kolaborasi paduan suara dan tiga penyanyi lintas generasi yakni Vina_Panduwinata_,_Delon_dan_Maudy_Ayunda
8|8|8|1|2|2|4|13|13|Diantaranya , PWG pernah mengisi ajang festival musik rock terbesar di Jepang , Summersonic_2012 dan Malaysia , Rockaway 2012
8|8|8|1|27|27|4|30|30|Hanya beberapa jam setelah pengumuman itu , Axl naik panggung bersama Slash dan Duff Mc Kagan dari Guns N Roses bersama gitaris sekaligus pendiri AC / DC Angus_Young di konser Coachella
8|8|8|1|6|6|4|12|12|Untuk merayakan pertambahan usianya tersebut , Iwan menggelar konser tunggal yang bertajuk Perayaan_Karya_Iwan_Fals
8|8|8|1|0|0|4|10|10|EXO kini sedang melakukan tur keempat mereka yang bertajuk " EXO_PLANET_#_4_-_The_Ey_Xi_On " dan akan kembali ke Jepang akhir bulan ini untuk melangsungkan konser di Kyocera Dome di Osaka
8|8|8|1|7|7|4|13|13|com , Jakarta Legenda musik Indonesia , Iwan_Fals , akan menggelar konser bertajuk Untukmu_Indonesia pada 21 November 2015 , di Istora Senayan , Jakarta
8|8|8|1|4|4|4|22|22|Meskipun di setiap lagunya GAC lebih banyak mengusung genre musik Pop Rn B , ketiganya akan memberikan warna baru saat tampil di Java_Jazz
8|8|8|1|3|3|4|26|26|Di situ , David_Foster , sang " hits maker " , dan sederetan bintang lainnya akan membuai penggemarnya dengan lagu cinta dalam konsernya yang bertajuk " Hitman_David_Foster_Friends_2012 "
8|8|8|1|0|0|4|7|7|SHINee Sukses Bawakan Lagu Baru di Konser SHINee_World_IV
8|8|8|1|10|10|4|20|20|Audy menantikan semua lagu - lagu yang akan dibawakan oleh Hayley_Williams , Taylor York , dan Zac Farro di konser After_Laughter_Summer_Tour ini
8|8|8|1|6|6|4|10|10|CO , Jakarta - Konser Harmoni Agnes_Monica , bertajuk " My_Agnez_mo " , Jumat , 6 Desember 2013 terbilang sukses
8|8|8|1|3|3|4|14|14|com - Penyanyi Yura_Yunita mengandeng artis peran Reza Rahadian untuk menemani penampilannya di panggung LAFFestival yang digelar di Jakarta Convention Center , Senayan , Jakarta Selatan , Sabtu ( 10 / 2 / 2018 )
8|8|8|1|0|0|4|2|2|Seringai di We_The_Fest_2018 hari kedua ( Foto Medcom / Purba )
8|8|8|1|7|7|4|18|18|Jakarta - Semua penonton bernyanyi bersama saat Christina_Perri menyanyikan Jar of Hearts tadi malam di konsernya yang bertajuk Lovestrong di Tennis Indoor , Senayan , Jakarta , pada Selasa ( 5 / 6 / 2012 )
9|9|8|1|18|18|4|24|24|Duran Duran juga sedang di Paris pada 13 November itu untuk tampil bersama mantan wakil presiden Amerika Serikat Al_Gore dalam konser perubahan iklim " 24_Hours_of_Reality " di Menara Eiffel , sebelum acara ini akhirnya dibatalkan
8|8|8|1|16|16|4|53|53|The Groove yang beranggotakan Rieka ( Lead Vocal ) , Reza ( Lead Vokal ) , Arie_Firman ( Bass ) , Ari ( Guitar ) , Tanto ( Keyboard Synth ) , Ali ( Piano ) , Rejos ( Perkusi ) , Detta ( Drum ) ini akan kembali bereuni di panggung musik 90s_Festival yang digelar Gambir Expo Kemayoran , Jakarta Pusat , pada 25 November 2017
9|9|9|1|16|16|4|5|5|Seniman Indonesia yang hadir di Oz_Asia_Festival adalah Ega Robot , Eko Nugroho , Eko Supriyanto , Melati_Suryodarmo , Mess 56 , Papermoon Puppet Theatre , Riau Rhythm , Samba Sunda , Teater Garasi , Topeng Losari , dan lain - lain
9|9|8|1|7|7|4|15|15|The Magic Whip direkam pada 2013 saat Blur menganggur di Hong Kong akibat acara festival Tokyo_Rocks_Music dibatalkan
8|8|8|1|9|9|4|17|17|JAKARTA - Grup band era 70 - an , God_Bless , akan turut hadir dan mengisi konser Jogjarockarta pada 29 September 2017 di Candi Prambanan , Yogyakarta
8|8|8|1|4|4|4|12|12|CO , Jakarta - Nissa_Sabyan terlihat digotong oleh sekuriti usai mengisi acara Konser_Kemenangan di Green Pramuka , Jakarta Timur , yang berlangsung pada 23 Juni lalu
8|8|8|1|1|1|4|18|18|VIVA Arman_Maulana , Dewa Budjana , Thomas Ramdhan , dan Gusti Hendy , tampil atraktif di atas panggung Prambanan_Jazz_Festival hari ketiga pada Minggu 19 Agustus 2018
9|9|9|1|3|3|4|15|15|Sebelumnya vokalis band Potret itu pernah menggelar konser pada 19 Agustus 2009 silam yang bertajuk Glow
8|8|8|1|6|6|4|14|14|com - Bintang Bollywood fenomenal , Shahrukh_Khan dijadwalkan akan menggoyang Indonesia dalam konser bertajuk Reloaded_Temptation
8|8|8|1|27|27|4|35|35|COM , JAKARTA - Mungkin masih ada yang belum sempat menyaksikan atau masih penasaran dengan proyek kolaborasi dua musisi kondang Tanah Air yakni , Ahmad Dhani dan Indra_Lesmana dalam , konser Adu Bintang 2 " Diva_Divo " , di Jakarta Convention Center ( JCC ) , beberapa waktu silam
8|8|8|1|3|3|4|8|8|com , Yogyakarta Pas_Band tampil atraktif dalam Konser Jogjarockarta di Stadion Kridosono Yogyakarta , Sabtu ( 30 / 9 / 2017 ) malam
8|8|8|1|9|9|4|22|22|VIVA Eks personel boyband asal Irlandia , Westlife , Shane_Filan akan menyapa para penggemarnya di Palembang , Sumatera Selatan dalam konser bertajuk Love_Always_Tour_2018 pada 18 Maret 2018 mendatang
8|8|8|1|25|25|4|0|0|DWP digelar selama 2 hari berturut - turut pada 11 - 12 Desember 2015 dan menghadirkan disc jockey kelas dunia , diantaranya DJ Snake , Tiesto , serta Major Lezer
8|8|8|1|4|4|4|52|52|Meski tampil terakhir , Taeyang yang menyanyikan beberapa lagu hitsnya , seperti Ringa Linga , Eyes Nose Lips , 1am , Body , I Need A Girl , Only Look at Me , Good Boy , dan beberapa lagu BIGBANG , seperti Fantastic Baby dan Bang Bang Bang , Taeyang berhasil memanaskan ICE semalam dengan penampilannya
8|8|8|1|12|12|4|16|16|Mengenakan busana dengan corak tentara , Beyonce , Kelly Rowland , dan Michelle_Williams membuat para penonton Coachella_2018 terpana
8|8|8|1|11|11|4|32|32|Bragi , band yang digawangi oleh kakak - beradik Aldi , Rendi , Echa , dan Erwin yang dulu membuat jatuh hati para wanita dan telah lama vakum akan reuni khusus di The_90s_Festival
8|8|8|1|0|0|4|14|14|Virdyas pernah menjadi line - up pada Folk Music Festival ( 2018 ) , Soundsations_(_2018_) , Urban Gigs ( 2017 ) , Artjog9 ( 2016 ) , dan Asean Literary Festival ( 2015 )
8|8|8|1|26|26|4|30|30|Al dan Eva akan berkolaborasi menyanyikan sebuah lagu hits milik Dhani yang berjudul " Khasidah Cinta " di album kompilasi bertajuk " Adu Bintang #2 - Diva Divo Indonesia dalam Ahmad_Dhani Mahakarya_dan_Indra_Lesmana "
8|8|8|1|3|3|4|18|18|00 WITA , Gemalara , Rubah Di Selatan , dan Scared of Bums sudah terlebih dahulu mengisi panggung Soundrenaline_2018 di Camp Stage , Creators Area , dan A Stage
8|8|8|1|22|22|4|4|4|Di awal acara , We_The_Fest_2017 hari ketiga memang diisi oleh suara merdu dari dua penyanyi perempuan Danilla di panggung WTF Stage serta Vira_Talisa di panggung Another Stage
8|8|8|1|13|13|4|4|4|Tiga special show dari Java_Jazz_Festival_2018 menghadirkan Lauv , Goo Goo Dolls , dan Daniel_Caesar
8|8|8|1|4|4|4|9|9|Dimana Girls Generation dan VIXX telah dikonfirmasi tampil di KCON_2015_NY
8|8|8|1|3|3|4|2|2|Tampil di Java_Jazz_2017, Tulus Duet dengan Sundari Soekotjo
8|8|8|1|1|1|4|9|9|Menlu Retno_Marsudisaat tampil dengan Elek Yo Band di Panggung Java_Jazz_Festival_2018
9|9|8|1|6|6|4|4|4|Meski sedang break dari Reputation_Stadium_Tour , Taylor_Swift baru - baru ini menghadirkan sebuah konser rahasia di Chicago , Illinois
8|8|8|1|22|22|4|55|55|Vokalis Bragi , Rainaldi Hutomo alias Aldi , mengatakan agar penampilan mereka maksimal nanti , ia bersama Rendi ( gitar ) dan Echa ( drum ) menghafal lagi hits mereka " Hafalin lagi lagu - lagunya karena kami udah lumayan lama enggak di panggung yang besar ya , " kata Aldi dalam konferensi pers festival The_90s_Festival di Foodism , Kemang , Jakarta Selatan , Selasa ( 14 / 11 / 2017 )
8|8|8|1|12|12|4|10|10|Sejauh ini , band luar negeri yang dipastikan tampil di Hammersonic_2017 adalah The_Black_Dahlia_Murder dan Northlane
8|8|8|1|13|13|4|19|19|com - Dalam rangka memperingati hari jadinya yang ke - 25 tahun , Twilite_Orchestra menggelar konser umum bertajuk " Twilite_Orchestra_Present_The_Beatles "
9|9|8|1|5|5|4|6|6|Glenn akan menggelar konser bertajuk " Ruth_Sahanaya " pada 30 September , bertepatan dengan 30 tahun diva Indonesia tersebut berkarya
8|8|8|1|11|11|4|5|5|Mereka semua menghadiri konser bertajuk Pesta_Mabuk_Laut , acara perilisan album perdana The_Panturas bertajuk Mabuk Laut
8|8|8|1|8|8|4|28|28|Salah satu moment paling spesial perempuan bernama lengkap Dira_Julianti_Sugandi ini adalah saat berduet dengan penyanyi latin Keith Martin pada 2005 dan Jason Mraz pada tahun 2009 pada acara Java_Jazz_Festival
8|8|8|1|15|15|4|11|11|Selain Lightcraft , dua band indie lain yang akan tampil di Festival_SXSW tahun ini yakni The_Trees_and_The_Wild dan Kimokal
8|8|8|1|-5|-5|4|3|3|Konser bertajuk " SHINee World_The_Best_2018_-_From_Now_On " itu digelar di Jepang , Sabtu ( 17 / 2 / 2018 )
8|8|8|1|1|1|4|15|15|Jakarta Honne menjadi salah satu penampil utama dan magnet besar kawula muda yang datang ke We_The_Fest_2018 hari kedua , Sabtu , 22 Juli 2018
8|8|8|1|14|14|4|40|40|com , Jakarta Pemeran serial Bollywood Ranveer dan Ishani , yaitu Shakti Arora dan Radhika_Madan akan berkunjung ke Jakarta dan mengadakan meet and greet pada hari Minggu 5 Maret 2017 di Mall Metropolis Town Square Tangerang serta menggelar Konser bertajuk Pesta_Bollywood yang akan tayang keesokan harinya mulai pukul 19
8|8|8|1|0|0|4|7|7|Intan mendapat kehormatan untuk memenuhi undangan dari April_Spring_Friendship_Festival di Korea Utara
8|8|8|1|20|20|4|30|30|Di playlist yang sama pun , belum ada lagu My Lady dan Lady Luck versi akustik dengan petikan gitar dari Chanyeol dan Lay , yang menjadi salah satu highlight konser EXOrdium
8|8|8|1|9|9|4|32|32|Bragi , band yang digawangi oleh kakak - beradik Aldi , Rendi , Echa , dan Erwin yang dulu membuat jatuh hati para wanita dan telah lama vakum akan reuni khusus di The_90s_Festival
8|8|8|1|9|9|4|14|14|Hadirnya Rich Chigga , desiigner , Higher Brothers , Keith_Ape , dan Joji membuat DWP tahun ini sebagai ajang pertama mempersembahkan musisi genre hip hop bagi partygoers
8|8|8|1|16|16|4|3|3|" Selamat malam Soundrenaline , kami Padi , sang penghibur , " ujar sang vokalis , Fadly , sembari menyebutkan judul lagu pertama yang mereka bawakan , Sang Penghibur
8|8|8|1|28|28|4|0|0|DWP digelar selama 2 hari berturut - turut pada 11 - 12 Desember 2015 dan menghadirkan disc jockey kelas dunia , diantaranya DJ Snake , Tiesto , serta Major_Lezer
8|8|8|1|1|1|4|4|4|Siap-Siap! Club_Eighties Bakal Kejutkan Synchronize_Fest_2017 dengan Lagu Baru
9|9|8|1|7|7|4|39|39|- Personel " The Rolling Stone " Ronnie_Wood saat " The Rolling Stone " penyerahaan dua penghargaan NME di London , Rabu ( 27 / 2 / 13 ) mengatakan mereka berharap bisa tampil pada festival musik Inggris di Glastonbury bulan Juni mendatang
8|8|8|1|23|23|4|11|11|Dilansir Soompi , salah satu bagian dari rangkaian tur yang bertajuk EXID_Asia_Tour_in_Seoul_2017 itu turut diramaikan member atau personel mereka yang tengah hiatus , Solji
9|9|8|1|4|4|4|14|14|Penari utama SHINee , Lee_Tae_Min , yang akrab disapa Taemin bahkan membatalkan penampilannya di KBS_Song_Festival_2017
8|8|8|1|7|7|4|12|12|Sebelum menghadiri acara amal keluarga kerajaan , Coldplay lebih dahulu tampil di Glastonbury_2016 , pada akhir pekan lalu
8|8|8|1|5|5|4|13|13|ID , JAKARTA - - Andre_Hehanusa menjadi salah satu penampil di konser " Tribute_to_Best_of_the_Anton_Issoedibjo "
8|8|8|1|5|5|4|1|1|Dalam The_90s_Festival , Fatur dan Nadila membawakan beberapa lagu seperti Kulakukan Semua Untukmu , A ku Cintamu Kamu Cintaku , dan beberapa lagu karya Chrisye , seperti Panah Asmara
9|9|8|1|25|25|4|38|38|Penampilan 3 Diva , kemudian dilanjutkan dengan menyanyikan lagu - lagu terbaik milik ketiga penyanyi berbakat ini , dan beberapa lagu dari artis ternama seperti Afgan , Tulus , dan Ran , yang dinyanyikan dengan apik dalam ajang Java_Jazz_Festival_2015 ini
8|8|8|1|19|19|4|4|4|Konser yang bertajuk 2017 Seventeen_1_ST_World_Tour_Diamond_Edge telah merilis daftar harga tiket dan seatplan di Jakarta Mecimapro selaku promotor yang memboyong Seventeen pun memberikan empat kategori untuk tiket konser Seventeen
8|8|8|1|13|13|4|2|2|Konser bertajuk SHE_12_Years_Rockin_the_Stage itu juga akan menampilkan antara lain , Melanie Subono , Astrid , David dari band Peterpan , Tulus , dan 4 Peniti
8|8|8|1|10|10|4|5|5|VIVA Penampilan pembuka di babak Spekta_Show_Top_3_Indonesian_Idol_2018 , langsung digeber oleh Maria_Simorangkir , yang berkolaborasi dengan salah satu band rock papan atas Tanah Air , Kotak
9|9|8|1|3|3|4|5|5|Ke depannya , Raisa berharap Handmade_Tour akan menyambangi kota - kota lain di luar Jawa
8|8|8|1|4|4|4|7|7|Maliq n Dessentials - The_Groove Kolaborasi untuk Synchronize_Fest
8|8|8|1|13|13|4|20|20|Jakarta , CNN Indonesia - - Grup DJ Major Lazer Soundsystem dan penyanyi The_Weeknd akan tampil dalam festival musik elektronik Djakarta_Warehouse_Project_(_DWP_)_2018 di Garuda Wisnu Kencana , Bali
8|8|8|1|1|1|4|3|3|Desahan Zaskia_Gotik Panaskan Jakarta_Music_Festival_2015
8|8|8|1|13|13|4|23|23|Dan menarik untuk menduga - duga lagu apa saja yang akan dibawakan oleh L_Arcen_Ciel saat mereka berkunjung ke Indonesia dalam konser yang bertajuk 20th_L_Anniversarry_World_Tour_2012 pada 2 Mei mendatang di Lapangan D , Senayan , Jakarta
8|8|8|1|12|12|4|2|2|Pada acara Coachella yang digelar beberapa waktu lalu , Beyonce tampil bersama Kelly_Rowland dan Michelle Williams
8|8|8|1|1|1|4|5|5|Baca The_Groove Dipastikan Tampil di The90s_Festival Acara ini akan menjadi ajang reuni bagi para musikus di era tersebut
8|8|8|1|23|23|4|2|2|Konser bertajuk SHE_12_Years_Rockin_the_Stage itu juga akan menampilkan antara lain , Melanie Subono , Astrid , David dari band Peterpan , Tulus , dan 4_Peniti
8|8|8|1|15|15|4|6|6|Favorit saya yang terakhir adalah lagu Shining_Diamond karena lagunya easy listening ( duh ) dan SEVENTEEN benar - benar memanfaatkan sesi encore untuk lebih dekat dengan para Carat dari berbagai sisi panggung
8|8|8|1|16|16|4|27|27|Tahun lalu , grup musik hip - hop bernama Onar , band The Panturas , dan Winter_Issue keluar sebagai juara program Submit Your Music dan tampil di We_The_Fest_2017
8|8|8|1|18|18|4|24|24|Berbekal lagu - lagu andalan dari album penuh perdana mereka , " Constellation " ( 2015 ) , Stars_and_Rabbit akan dengan mudah menyihir pengunjung Synchronize_Fest berjingkat - jingkat mengikuti gerakan - gerakan khas Elda tiap tampil di panggung
8|8|8|1|8|8|4|4|4|Tiga special show dari Java_Jazz_Festival_2018 menghadirkan Lauv , Goo_Goo_Dolls , dan Daniel Caesar
8|8|8|1|10|10|4|6|6|Setelah sempat memperdengarkan versi instrumentalnya di Ultra_Music_Festival tahun ini , Kygo kini menghadirkan Here For You dengan versi vokal yang diisi oleh Ella Henderson
8|8|8|1|0|0|4|12|12|Bieber saat itu sedang menjadi salah satu penampil utama di festival musik British_Summertime di Hyde Park , London
8|8|8|1|9|9|4|18|18|com , SIANTAR - Musisi Austria Herman Delago bersama Tasha_Band akan melakukan konser musik Pop Rock dalam acara Samosir_Musik_International_Batak_Austrian_Rock di Open Stage Tuktuk Siadong Kecamatan Simanindo , Kabupaten Samosir , 27 Agustus 2016
8|8|8|1|23|23|4|8|8|Sebuah konser KPop terbesar di Indonesia yang bertajuk SMTOWN_Live_World_Tour_III_in_Jakarta menghadirkan sederet bintang - bintang Korea Selatan yang bernaung dibawah bendera SM Entertainment yaitu Kangta , Bo A , TVXQ , Super Junior , Girls Generation , SHINee , f ( x ) , dan EXO ini diadakan di Stadium Gelora Bung Karno ( GBK ) tanggal 22 September
8|8|8|1|4|4|4|2|2|Di konser HUT_34th_SLANK_DAY_Rock_N_Roll_Terus , Bimbim juga sempat bernyanyi
8|8|8|1|1|1|4|9|9|Kehadiran Europe di Boyolali sendiri menjadi bagian dari acara Volcano_Rock_Festival yang digagas Bupati Boyolali Seno Samodro
8|8|8|1|5|5|4|20|20|SNSD , Super Junior , SHINee , f ( x ) , EXO , TVx Q Di bawah konser bertajuk SMTown_Live_World_III , keenam girlband dan boyband papan atas Korea ini siap menggebrak panggung Stadion Gelora Bung Karno ( GBK ) , pada 22 September 2012 mendatang
8|8|8|1|1|1|4|12|12|Adapun Scaller , yang beranggotakan Stella Gareth dan Reney Karamoy ketika di Soundrenaline_2017 kolaborasi bersama Andien
8|8|8|1|2|2|4|1|1|Dalam Soundrenaline_2017 Navicula juga membawakan lagu - lagu andalam mereka , antara lain , " Mafia Hukum " , " Aku Bukan Mesin " , " Love Bomb " , " Busur Hujan " , " Bali Berani Berhenti " , dan , sebagai penutup , " Metropolutan "
9|9|9|1|22|22|4|32|32|Coba bayangkan jika Giorgio Moroder terus menjadi penyanyi rock dan tidak berkolaborasi dengan Donna Summer ? Mungkin Calvin Harris , Avicii , Swedish_House_Mafia , Daft Punk tidak akan memainkan musik electro dan Ultra_Music_Festival tidak akan pernah ada
8|8|8|1|10|10|4|20|20|Jakarta , CNN Indonesia - - Vokalis boyband Bigbang , Taeyang , menjadi musisi yang terakhir tampil pada konser bertajuk Saranghaeyo_Indonesia_2016 di ICE BSD , Tangerang , Sabtu malam ( 8 / 10 )
9|9|8|1|4|4|4|14|14|Video lirik dikerjakan oleh Isha_Hening , seniman motion graphic yang juga langganan mengerjakan panggung Djakarta_Warehouse_Project
8|8|8|1|5|5|4|3|3|Lewat aksi bertajuk Samsung_Galaxy_2013_CNBLUE_Blue_Moon_World_Tour_Live , CNBLUE menggebrak panggung
8|8|8|1|16|16|4|21|21|Dalam konteks itu , konser yang digelar Metallica bersama Pantera , AC / DC / dan The_Black_Crows dalam rangkaian tur Eropa Monster_of_Rock_1991 tersebut bukan sekadar pagelaran musik
8|8|8|1|10|10|4|15|15|Start dari jam 5 sore , Dea , Seabass , Khafira jadi lineup yang membuka Sunny_Side_Up
8|8|8|1|21|21|4|5|5|Saat menggelar konser perpisahan bertajuk 25_Years_Ferewell_Concert di Bandung , Jawa Barat , Sabtu ( 18 / 8 / 2018 ) , Ronan dan kawan - kawan masih terlihat enerjik
8|8|8|1|6|6|4|15|15|com - Girlband K - Pop TWICE bakal menyapa fans Tanah Air lewat konser bertajuk TWICELAND_ZONE_2_Fantasy_Park_in_Jakarta
8|8|8|1|0|0|4|9|9|Ade telah mencicipi beberapa panggung internasional , sebut saja Chicago_Winter_Jazz_Festival dan Chicago Jazz Festival di Millennium Park Chicago
8|8|8|1|2|2|4|5|5|Aksi Interaktif Ta_-_Ku Puaskan Pengunjung We_The_Fest_2016
9|9|9|1|3|3|4|33|33|Coba bayangkan jika Giorgio_Moroder terus menjadi penyanyi rock dan tidak berkolaborasi dengan Donna Summer ? Mungkin Calvin Harris , Avicii , Swedish House Mafia , Daft Punk tidak akan memainkan musik electro dan Ultra_Music_Festival tidak akan pernah ada
8|8|8|1|7|7|4|14|14|Melalui akun resmi Twitter , mereka menjadwalkan BTS menggelar konsernya yang bertajuk BTS " The_Wings_Tour "
8|8|8|1|4|4|4|15|15|Beberapa nama besar seperti Iga_Massardi_,_The_Upstairs_,_Elda_(_Stars_n_Rabbit_)_,_Kimo_,_hingga_Bam_Mastro_(_Elephant_Kind_) akan bergantian bahkan berkolaborasi dari dalam thunderdorm di dua hari gelaran_Soundrenaline_2018
8|8|8|1|8|8|4|16|16|Nantinya , sehari setelah dirilis album tersebut , BTS akan segera menjalani tur dunia dengan tajuk 2018_BTS_World_Tour_Love_Yourself , diawali dari Stadion Olimpiade , Seoul , Korea Selatan
9|9|8|1|8|8|4|35|35|com - - Setelah tak lagi menjadi personel Dewa_19 sejak 1999 dan berkarier sendiri sebagai vokalis , Ari Lasso akhirnya tampil lagi dalam reuni sebagian pemusik yang pernah dan masih menjadi personel Dewa 19 pada Konser_Mahakarya_Ahmad_Dhani , yang digelar di Plenary Hall , Jakarta Convention Center , Rabu ( 13 / 6 / 2012 ) malam
8|8|8|1|12|12|4|20|20|com - Penyanyi cantik Demetria Devonne Levato atau lebih dikenal dengan nama Demi_Lovato sukses menghipnotis ribuan penggemarnya dalam konser bertajuk A_Special_Night_With_Demi_Lovato di Istora Senayan , Jakarta , Minggu ( 24 / 3 )
8|8|8|1|15|15|4|24|24|Lima gitaris dunia Steve Vai , Yngwie Malmsteen , Zakk Wylde , Nuno Bettencourt dan Tosin_Abasi berhasil memukau penonton yang hadir menyaksikan konser bertajuk Generation_Axe , di Ecopark , Ancol , Jakarta Utara , Jumat ( 21 / 4 / 2017 )
8|8|8|1|31|31|4|10|10|com , Jakarta Salah satu suguhan menarik di awal penyelenggaraan Java_Jazz_Festival_(_JJF_)_2016 pada Sabtu ( 5 / 3 / 2016 ) adalah penampilan kolaborasi dari musisi legendaris Indonesia , Elfas Singers , Dian_Pramana_Poetra , dan Fariz RM
8|8|8|1|0|0|4|8|8|Glenn menjadi salah satu penampil di hari terakhir Prambanan_Jazz_Festival_2018
8|8|8|1|16|16|4|13|13|Sejauh ini , baru dua band yang secara resmi diumumkan akan tampil di Hammersonic_2018 yaitu , In_Flames dan H2 O
8|8|8|1|7|7|4|16|16|ID , JAKARTA - - Musisi senior Yocki_Suryo_Prayogo atau akrab disapa Iyock akan menggelar konser bertajuk Menjilat_Matahari pada Rabu ( 11 / 10 )
8|8|8|1|3|3|4|20|20|com , Yogyakarta Shaggydog menjadi satu - satunya band dari Indonesia yang akan tampil di festival musik dan kultur , South_by_Southwest_(_SXSW_) , di Austin , Texas , Amerika Serikat , pada 15 - 20 Maret 2016
8|8|8|1|6|6|4|14|14|Pada 1976 , Iggy Pop dan Bowie melakukan rangkaian tur konser bersama yang bertajuk Station_To_Station
8|8|8|1|16|16|4|20|20|Jakarta , CNN Indonesia - - Grup vokal beraliran R B dan soul asal Amerika Serikat Boyz_II_Men menggelar konser bertajuk The_90s_Soul_Ace di The Kasablanka Hall , Jakarta Selatan , Kamis ( 8 / 12 )
9|9|9|1|9|9|4|14|14|Diawali dengan konser tunggal Bunga Citra Lestari , dan Rossa , serta festival musik The_90s_Festival dan 5 UPERGROUP
8|8|8|1|1|1|4|14|14|Penampilan Diana_Krall kali ini adalah sangat spesial , karena dia hanya akan tampil di Prambanan_Jazz_Festival saja ( tepatnya pada tanggal 18 Agustus )
8|8|8|1|11|11|4|31|31|Hanya beberapa jam setelah pengumuman itu , Axl naik panggung bersama Slash dan Duff Mc Kagan dari Guns N Roses bersama gitaris sekaligus pendiri AC / DC Angus Young di konser Coachella
8|8|8|1|12|12|4|20|20|Romansa reuni dan nostalgia antara grup musik Kerispatih dan mantan vokalisnya , Sammy_Simorangkir , begitu terasa dalam konser persahabatan bertajuk Unforgettable_Journey
8|8|8|1|5|5|4|0|0|Tur_Flicker_Sessions merupakan konser besar pertama Niall setelah terakhir melakukan bersama - sama dengan anggota 1 D lain
8|8|8|1|17|17|4|20|20|Jakarta , CNN Indonesia - - Presiden Indonesia ke tiga BJ Habibie ikut mengisi konser tunggal perdana Bunga_Citra_Lestari yang bertajuk Its_Me , Rabu ( 1 / 3 )
8|8|8|1|6|6|4|21|21|Jakarta , CNN Indonesia - - Axl_Rose Guns N Roses boleh saja tampil bersama Angus Young AC / DC di panggung Coachella , pada akhir pekan lalu
8|8|8|1|-1|-1|4|2|2|Konser bertajuk Paramore Tour_Four_Indonesia ini merupakan bagian rangkaian tur promosi album ke - 5 mereka , After Laughter yang telah menduduki posisi nomor satu Billboards 25 Best Rock Albums 2017 , Critics Picks Konser ketiga ini adalah hasil kolaborasi antara MCM Live , Sonic Live Asia , Gudlive Pro , dan Pop Entertainment
8|8|8|1|2|2|4|1|1|Di LAFFestival_2018, Anne_Marie Belajar Ucapkan Kalimat "Aku Cinta Kamu"
8|8|8|1|1|1|4|10|10|VIVA Dewa_Budjana , gitaris GIGI akan menggelar konser tunggal bertajuk Samuccaya_Dewa_Budjana pada bulan Desember 2018 mendatang
8|8|8|1|14|14|4|19|19|SNSD , Super Junior , SHINee , f ( x ) , EXO , TVx_Q Di bawah konser bertajuk SMTown_Live_World_III , keenam girlband dan boyband papan atas Korea ini siap menggebrak panggung Stadion Gelora Bung Karno ( GBK ) , pada 22 September 2012 mendatang
8|8|8|1|6|6|4|18|18|Gambas Twitter Menurut pemberitaan Soompi , BTS saat ini tengah berada di Amerika Serikat untuk tur konser dunia Love_Yourself_World_Tour
8|8|8|1|38|38|4|2|2|Malam terakhir Ubud_Jazz_Festival_2017 menghadirkan Bonny Trio , Samy Thiebault Trio , Yuri Mahatma feat Nesia Ardi , Underground Jazz Movement , Maaike Den Dunnen , The Benny Likumahuwa Jazz Connection , Koko Harsoe , Gerald Clayton Trio , Balawan_Batuan_Ethnic , David Manuhutu Quartet dan Glen Bucschmann Jazz Academy
9|9|8|1|30|30|4|38|38|Penampilan 3 Diva , kemudian dilanjutkan dengan menyanyikan lagu - lagu terbaik milik ketiga penyanyi berbakat ini , dan beberapa lagu dari artis ternama seperti Afgan , Tulus , dan Ran , yang dinyanyikan dengan apik dalam ajang Java_Jazz_Festival_2015 ini
8|8|8|1|3|3|4|27|27|com - Jika Via_Vallen akan menghadirkan malam yang enerjik dan penuh warna lewat kolaborasi musik dangdut serta jazz , maka Kahitna akan menjadi pembeda di atas panggung Malang_Jazz_Festival_2018 yang tentunya tidak bisa dilewatkan begitu saja
9|9|9|1|7|7|4|20|20|com - Sophia Latjuba bersama kekasihnya , Ariel_NOAH tak mau melewatkan momen penting penampilan Eva Celia di hari terakhir pergelaran Java_Jazz_Festival yang berlangsung di JIExpo , Kemayoran , Jakarta Pusat , Minggu malam ( 5 / 3 / 2017 )
8|8|8|1|0|0|4|6|6|Endah_N_Rhesa dijadwalkan akan tampil di panggung Synchronize_Fest_2017 pada Minggu , 8 Oktober 2017
8|8|8|1|6|6|4|21|21|com - Penampilan Sweet Martabak , Neo dan Iwa K yang mewakili musik hip hop era 90an berhasil memukau penonton di The_90s_Festival Big Reunion yang digelar di Istora Senayan , Jakarta , Sabtu ( 7 / 11 / 2015 )
8|8|8|1|0|0|4|2|2|Nick_Murphy Panaskan Sunny_Side_Up_Festival_2018 Hari Pertama
8|8|8|1|23|23|4|27|27|Jakarta , CNN Indonesia - - Penyanyi mahsyur beraliran soul asal Amerika Serikat Brian Mc Knight menyanyikan lagu andalannya One Last Cry bersama Raisa dalam konser bertajuk The_90s_Soul_Ace di The Kasablanka Hall , Jakarta Selatan , Kamis ( 8 / 12 )
8|8|8|1|4|4|4|17|17|CO , Jakarta - Ne_-_Yo , penyanyi dan penulis lagu asal Amerika Serikat , menutup penampilannya dalam Java_Jazz_Festival_2017 dengan lagu duet Time of Our Lives
8|8|8|1|13|13|4|40|40|Doa para penggemar Shaggydog sepertinya terjawab , karena band yang beranggotakan Heru , Richard , Raymond , Bandizt , Lilik dan Yoyo ini sebentar lagi akan tampil di panggung musik kelas dunia , yaitu di festival seni dan hiburan , South_by_Southwest_(_SXSW_)
8|8|8|1|1|1|4|7|7|ID Rockin_Battle_2017 ini tampil pada hari pertama Jogja_Rockarta , Jumat ( 29 / 9 / 2017 )
8|8|8|1|4|4|4|10|10|com - Penyanyi muda Brisia_Jodie tampil di hari kedua pagelaran Prambanan_Jazz_Festival_2018 yang digelar di Taman Wisata Candi Prambanan , Jogjakarta , Sabtu ( 18 / 8 )
8|8|8|1|33|33|4|24|24|Diteriakkannya , " Kalau ini tahun 2001 , kami pasti sudah turun panggung " Selain Linkin Park , band lain yang turut megisi acara Download_Festival di Sabtu malam adalah Fall Out Boy , Lonely_The_Brave , dan Bury Tomorrow
8|8|8|1|4|4|4|6|6|SURABAYA - Konser pamitan Boyzone bertajuk 25_Years_Farewell yang digelar di Dyandra Convention Center Surabaya , Kamis ( 23 / 8 / 2018 ) , dipadati ribuan orang
8|8|8|1|17|17|4|6|6|Selain diva musik pop dunia , Coachella juga turut menampilkan The Weeknd , Eminem , SZA , The_War_of_Drugs , Daniel Caesar , dan artis - artis lainnya
8|8|8|1|0|0|4|6|6|Slank Bakal Ajak Fans Bernostalgia di Synchronize_Fest_2017
8|8|8|1|15|15|4|16|16|Sejak berdiri pada 2011 , mereka akan tampil di depan publik sendiri dengan konser bertajuk EXO From_EXOPlanet_#1_-_The_Lost_Planet berlangsung di Seoul Olympic Park Gymnastics Stadium selama dua kali , 24 dan 25 April 2014
8|8|8|1|16|16|4|10|10|Lana mengaku sangat senang dapat diberikan kesempatan untuk tampil di Festival_Jazz_Kota_Tua bersama senior - seniornya termasuk Ermi_Kulit
8|8|8|1|5|5|4|12|12|Di berita yang berbeda , EXO akan menggelar konser tur ketiga mereka EXO_PLANET_#3_-_The_EXOr_DIUM di Seoul pada Juli mendatang
8|8|8|1|7|7|4|10|10|CO , Yogyakarta - Konser musik band Slank bertajuk " Loe_Gue_Friend " di Stadion Kridosono , Yogyakarta , Ahad malam , 23 Desember 2012 , mengobati kerinduan ribuan penonton yang datang dari berbagai daerah
8|8|8|1|3|3|4|11|11|com - Band Sisitipsi mengoyang panggung District Stage dalam pertunjukan musik Synchronize_Festival_2017 di Gambir Expo Kemayoran , Jakarta Pusat , Minggu ( 8 / 10 / 2017 )
9|9|8|1|0|0|4|24|24|Duran_Duran juga sedang di Paris pada 13 November itu untuk tampil bersama mantan wakil presiden Amerika Serikat Al Gore dalam konser perubahan iklim " 24_Hours_of_Reality " di Menara Eiffel , sebelum acara ini akhirnya dibatalkan
8|8|8|1|3|3|4|7|7|Sementara itu , Arcade_Fire akan menjadi pamungkas Glastonbury_Festivals pada 27 Juni 2014 dan Kasabian sebagai penutup pada 29 Juni 2014
8|8|8|1|3|3|4|21|21|Bahkan , ketika JLo berkomunikasi dengan penonton MEIS , Ancol , Jumat malam , 30 November 2012 , dalam rangkaian " JLo_Dance_Again_World_Tour_2012 " , yang memintanya menyanyikan No Me Ames , JLo tersenyum dan menggelengkan kepala
8|8|8|1|33|33|4|3|3|Dalam penampilannya di LA_KCON tersebut , Elliott hanya tampil bersama dengan G - Dragon , meskipun terdapat beberapa artis lainnya , seperti EXO , 2 AM , F ( X ) , dan Dynamic_Duo
9|9|8|1|9|9|4|7|7|Dari kelima panggung yang akan berdiri di Synchronize_Fest_2016 , Ucup mengatakan nantinya akan ada satu panggung bertajuk # GIGSTAGE , yang didedikasikan khusus untuk merasakan pengalaman menyaksikan konser musik berpanggung rendah dalam ruangan yang lebih intim dan bergairah bagaikan berada di kelab - kelab musik rock legendaris seputaran Ibu Kota
8|8|8|1|10|10|4|2|2|Para penonton Synchronize_Festival_2016 itu terpusat di Dynamic Stage , tempat Rhoma_Irama dan Soneta tampil
8|8|8|1|21|21|4|7|7|Tahun ini , konser akan berjudul " Again_,_Peace " dan akan dihadiri bintang top K - Pop seperti Girls Generation dan BTOB
8|8|8|1|17|17|4|24|24|ID , TANGERANG SELATAN - - Menandai 20 tahun karier mereka di industri musik , grup vokal Project_Pop siap menggelar mini konser bertajuk Showcase Project_Pop_Menuju_Anniversary_20_Tahun
8|8|8|1|1|1|4|3|3|Kehadiran Elrow di DWP2017 menjadi kali pertama Elrow membawa konsepnya ke benua Asia
8|8|8|1|0|0|4|8|8|MLTR akan memeriahkan konser tahun baru bertajuk " A_Night_to_Remember_with_Michael_Learns_To_Rock " di Trans Luxury Hotel Bandung , Kompleks Trans Studio , Bandung , Jawa Barat , 31 Desember 2014
8|8|8|1|4|4|4|17|17|" musik Korea dari PSY dipadanka Enerjiknyan dengan elegannya musik Andien dan Tulus siap memeriahkan acara ex PSYted_Concert_Festival_In_Cikupa Acara yang dipersembahkan oleh Lavon SWANCITY ini akan diadakan pada hari Sabtu , 21 Oktober 2017 di area Lavon Marketing Gallery , " tulis akun lavontangerang , baru - baru ini
8|8|8|1|7|7|4|14|14|ID , JAKARTA - - Grup band Wayang melarutkan penonton dalam nostalgia di gelaran The_90s_Festival
8|8|8|1|30|30|4|8|8|Sebuah konser KPop terbesar di Indonesia yang bertajuk SMTOWN_Live_World_Tour_III_in_Jakarta menghadirkan sederet bintang - bintang Korea Selatan yang bernaung dibawah bendera SM Entertainment yaitu Kangta , Bo A , TVXQ , Super_Junior , Girls Generation , SHINee , f ( x ) , dan EXO ini diadakan di Stadium Gelora Bung Karno ( GBK ) tanggal 22 September
8|8|8|1|5|5|4|10|10|COM , JAKARTA - Pedangdut Via_Vallen menggelar konserdi Balai Sarbinibertajuk Via_Vallen_Dangdut_Never_Dies , Selasa ( 1 / 5 / 2018 )
8|8|8|1|20|20|4|3|3|Tahun lalu , Saranghaeyo_Indonesia atau disingkat SHI menampilkan Akdong Musician ( yang saya suka banget ) , NELL , dan Taeyang
8|8|8|1|18|18|4|25|25|" Wis siap lara ati bareng rung ( sudah siap sakit hati bareng belum ) ? " tanya Yonanda_Frisna_Damara ( 21 ) dari atas panggung Mocosik_Festival , Selasa ( 14 / 2 / 2017 ) malam , di Jogja Expo Center , Kabupaten Bantul , Daerah Istimewa Yogyakarta
8|8|8|1|20|20|4|25|25|Jakarta , CNN Indonesia - - Liam Gallagher berang karena sang kakak , Noel , batal hadir dan tampil bersama Oasis di gelaran konser amal One_Love_Manchester , Minggu ( 4 / 6 ) lalu
8|8|8|1|1|1|4|9|9|Bersama Jay_Z , pelantun Yellow itu akan tampil di Global_Citizen_Festival
8|8|8|1|9|9|4|11|11|com , Jakarta Purwacaraka dan orkestranya akan mengiringi konser Bimbo bertajuk Indonesia_Menyanyi_Bimbo , yang akan digelar pada 17 Desember 2015 di Taman Ismail Marzuki ( TIM )
9|9|8|1|17|17|4|37|37|" Ya , musik kami memang banyak dipengaruhi band - band emo masa itu , misalanya seperti Alexisonfire , kami banyak belajar dari cara mereka bermusik , " kata Dzafir sang vokalis seusai manggung di hari pertama Jakcloth_Summer_Fest_2013 di Parkir Timur Senayan , Jakarta , Kamis ( 20 / 6 )
8|8|8|1|22|22|4|15|15|Setelah ini , pada April 2018 The Weeknd akan tampil dalam festival musik bergengsi tahunan Coachella bersama Paramore , Beyonce , dan Eminem
8|8|8|1|6|6|4|11|11|Diketahui , ini merupakan penampilan keempat Linkin_Park sebagai band pamungkas di Download_Festival
8|8|8|1|23|23|4|3|3|Bagian dari acara Folk_Music_Festival yang antara lain juga dimeriahkan oleh Float , Mocca , Danilla , Silampukau , Tigapagi , Teman Sebangku , Ari_Reda
8|8|8|1|19|19|4|7|7|BANDUNG - Setelah sukses mengisi konser di Prambanan_Jazz_Festival di Candi Prambanan , Yogyakarta , penyanyi pria asal Irlandia , Shane_Filan kembali menggelar konser promo album barunya bertajuk LOVE ALWAYS TOUR 2017 di Kota Bandung , Sabtu 19 Agustus 2017
8|8|8|1|6|6|4|14|14|, Neo , Sweet Martabak , Purpose , dan TIC Band juga bakal memeriahkan The_90s_Festival
8|8|8|1|9|9|4|2|2|Saat melakukan Super_Show_6_Encore di Korea Selatan , leader Suju Leeteuk mengatakan album baru Devil akan menjadi lagu fenomenal seperti album Sorry - Sorry
8|8|8|1|4|4|4|12|12|TAIPE Girls Generation atau SNSD masih menjalani rangkaian tur dunia mereka , Phantasia
8|8|8|1|9|9|4|2|2|Pada acara Coachella yang digelar beberapa waktu lalu , Beyonce tampil bersama Kelly Rowland dan Michelle Williams
9|9|8|1|13|13|4|21|21|Pelantun Stitches itu kemudian semakin besar setelah menjadi penyanyi pembuka untuk You Tuber Austin_Mahone dan bergabung dengan Taylor Swift di konser 1989_World_Tour pada 2015
8|8|8|1|0|0|4|7|7|Virdyas pernah menjadi line - up pada Folk_Music_Festival_(_2018_) , Soundsations ( 2018 ) , Urban Gigs ( 2017 ) , Artjog9 ( 2016 ) , dan Asean Literary Festival ( 2015 )
8|8|8|1|9|9|4|18|18|ID , SEOUL - - Pimpinan Big Bang , G_Dragon baru saja meluncurkan film konser 3 D bertajuk One_of_a_Kind_3_D_-_G_Dragon_2013_1st_World_Tour
8|8|8|1|9|9|4|19|19|Jakarta Grup band beraliran acid jazz asal Inggris , Incognito menjadi salah satu penampil yang dinantikan di hari terakhir Java_Jazz_Festival_2018 , pada Minggu , 4 Maret
8|8|8|1|11|11|4|22|22|Lima grup musik lainnya yakni RAN , GAC , Armada , Kotak , dan Slank juga tak ketinggalan memeriahkan acara yang bertajuk Terbang_Bersama itu
8|8|8|1|5|5|4|14|14|Dalam waktu dekat ini , Green_Day akan tampil di Summer Sonic festival Jepang dan Rock_En_Seine di Prancis pada Agustus
8|8|8|1|9|9|4|7|7|Selain itu , di konser yang bertajuk Up_Close_and_Personal ini Tommy_Page akan diberikan kebebasan untuk melakukan aksinya di atas panggung
8|8|8|1|0|0|4|25|25|Sixpence_None_The_Richer , artis internasional yang pada masa 90 - an tenar dengan lagu Kiss Me dan Dont Dream Its over telah konfirmasi akan tampil di The_90s_Festival
8|8|8|1|13|13|4|6|6|Bukti saja pada 2017 kemarin , Music_Bank kembali hadir di Indonesia dan menampilkan NCT_127_,_EXO_,_Gfriend , B
8|8|8|1|0|0|4|6|6|Seringai Jadi Band Metal Pertama di We_The_Fest_2018
8|8|8|1|13|13|4|4|4|Gelaran yang diberi tajuk EXO_FROM_EXO_PLANET_#1_THE_LOST_PLANET_IN_JAKARTA memang mendapat antusiasme yang besar bagi para penggemar EXO di Indonesia
9|9|8|1|22|22|4|6|6|Setelah sempat memperdengarkan versi instrumentalnya di Ultra_Music_Festival tahun ini , Kygo kini menghadirkan Here For You dengan versi vokal yang diisi oleh Ella_Henderson
9|9|9|1|2|2|4|21|21|Penyanyi Singapura JJ_Lin , yang berkolaborasi dengan Jung Yong Hwa dari CNBLUE untuk lagu Checkmate , juga masuk daftar ini berkat Timeline_World_Tour
9|9|8|1|7|7|4|10|10|Konser tunggal yang menggambarkan perja lanan hidup God_Bless ini bertajuk To_Commemorate_God_Bless_1973_-_2014
8|8|8|1|14|14|4|54|54|Sepekan lagi , tepatnya pada 22 Maret 2016 mendatang , keempat personel yang bertahan Armand_Maulana , Dewa Budjana , Thomas Ramdhan , dan Gusti Hendybakal merayakan ulang tahun GIGI ke - 22 Tepat pada hari itu ( 22 / 3 ) , Armand cs bakal mememeriahkan ulang tahun grup band - nya dengan mengadakan Konser_22_Tahun_GIGI_Berkarya di Trans TV , Jakarta
8|8|8|1|3|3|4|12|12|Saat ini , EXO tengah disibukkan dengan jadwal tur konser solo bertajuk EXO_PLANET#3_The_EXOrdium
8|8|8|1|22|22|4|1|1|Konser Java_Jazz_Festival_2018 akan dimeriahkan musisi lokal seperti Adhitya Sofyan , Teddy Adhitya , Andien , Nona Ria , kolaborasi Fariz RM x Java_Jive , dan sederet musisi lain
8|8|8|1|12|12|4|16|16|Tur Katy juga kontroversial karena dia dikatakan telah mengambil tiga penari pendukung Taylor_Swift yang menjalani konser Red_World_Tour
9|9|9|1|17|17|4|33|33|Coba bayangkan jika Giorgio Moroder terus menjadi penyanyi rock dan tidak berkolaborasi dengan Donna Summer ? Mungkin Calvin_Harris , Avicii , Swedish House Mafia , Daft Punk tidak akan memainkan musik electro dan Ultra_Music_Festival tidak akan pernah ada
8|8|8|1|16|16|4|32|32|Bragi , band yang digawangi oleh kakak - beradik Aldi , Rendi , Echa , dan Erwin yang dulu membuat jatuh hati para wanita dan telah lama vakum akan reuni khusus di The_90s_Festival
8|8|8|1|16|16|4|6|6|Tapi toh setiap kali bermain di Coachella , kami tetap memiliki waktu terbaik , " kata Pizzorno
8|8|8|1|21|21|4|3|3|JAKARTA Puncak acara Halloween_Night_Handshake_Festival , Sabtu ( 31 / 10 / 2015 ) malam berlangsung meriah dengan kejutan - kejutan dari JKT48 untuk para penggemarnya
8|8|8|1|18|18|4|11|11|Tahun 2008 , Yes memulai tour 40 tahun Yes dengan title Close_to_the_Edge_and_Back , dalam tour ini keyboardist belia Oliver_Wakeman menggantikan ayahnya Rick yg sedang sakit
8|8|8|1|2|2|4|5|5|Naif dan Sheila_On_7 Ajak Penonton We_The_Fest Nostalgia
8|8|8|1|0|0|4|6|6|Dewa_19 hingga Stinky Akan Reuni di The_90s_Festival
8|8|8|1|8|8|4|12|12|Perilisan video musik Not Today seakan menjadi tanda BTS untuk memulai konser Wings_Tour di sejumlah negara
8|8|8|1|5|5|4|1|1|Konser EXO_Planet_#2_THE_EXOlu_Xion belum berakhir , EXO akan menyanyikan lagu - lagu andalannya
9|9|8|1|7|7|4|10|10|org dengan judul Shopee ID Batalkan undangan Young_Lexx untuk menghadiri M_G_Lisa_Black_Pink
8|8|8|1|42|42|4|3|3|Lewat konser bertajuk Simfoni_Layar_Perak_Indonesia yang digelar Jumat malam , 6 Oktober 2017 , sekitar 35 lagu dinyanyikan baik oleh Adiswara Gadjah Mada , yaitu Komunitas Alumni Paduan Suara Mahasiswa UGM , juga penyanyi tiga lintas generasi , Vina Panduwinata , Delon dan Maudy_Ayunda
8|8|8|1|10|10|4|16|16|Grup yang beranggotakan Jack Patterson , Luke Patterson , dan Grace_Chatto itu akan menggelar konser bertajuk I_Miss_You_Tour_2018 di The Kasablanka Hall , Jakarta , Senin malam
8|8|8|1|8|8|4|13|13|BALI - Band rapcore musik asal Florida , Limp_Bizkit menjadi penampil hari terakhir Soundrenaline_2018 yang dihelat di Garuda Wisnu Kencana , Bali pada Minggu 9 September 2018
9|9|9|1|27|27|4|3|3|Ditemui di konser Indonesian_Rock_Collaboration_Pagelaran_Musik_Lintas_Generasi di Rollingstone , Jakarta Selatan , aksi Rian dengan tabuhan drum - nya membuat sejumlah musisi seperti Ekki Soekarno , Donny Katamsi , Eet_Sjahranie ( Edane ) , Hendra Zamzami ( Edane ) angkat topi
8|8|8|1|6|6|4|18|18|com , SIANTAR - Musisi Austria Herman_Delago bersama Tasha Band akan melakukan konser musik Pop Rock dalam acara Samosir_Musik_International_Batak_Austrian_Rock di Open Stage Tuktuk Siadong Kecamatan Simanindo , Kabupaten Samosir , 27 Agustus 2016
8|8|8|1|2|2|4|8|8|Sebab , Taeyang akan menggelar konsernya yang bertajuk TAEYANG_2017_WORLD_TOUR_WHITE_NIGHT_in_JAKARTA
9|9|8|1|5|5|4|18|18|Digawangi oleh Dave Grohl , Foo_Fighters pernah dijadwalkan tampil di Singapura pada Maret 2012 di Padang untuk tur Wasting_Light namun dibatalkan karena Grohl memiliki masalah dengan suaranya
8|8|8|1|7|7|4|14|14|Jakarta , CNN Indonesia - - Duo Akdong_Musician_(_Akmu_) didaulat sebagai pembuka penampilan konser bertajuk Saranghaeyo_Indonesia_2016 di ICE BSD , Tangerang , Sabtu ( 8 / 10 )
8|8|8|1|6|6|4|16|16|Grup yang beranggotakan Jack Patterson , Luke_Patterson , dan Grace Chatto itu akan menggelar konser bertajuk I_Miss_You_Tour_2018 di The Kasablanka Hall , Jakarta , Senin malam
8|8|8|1|34|34|4|7|7|Di samping Shaggydog , pada hari terakhir Synchronize_Festival_2016 , tampil juga band dan musisi lainnya , seperti Gugun Blues Shelter , Koil , Komunal , Dewa Budjana dan Tohpati , Maliq D Essential , The_Groove , Efek Rumah Kaca , Mocca , Glenn Fredly , Seringai , The Sigit dan banyak lainnya
8|8|8|1|12|12|4|6|6|Selain Tompi , pada hari kedua Bank_BRI_Mocosik_Festival_2018 menampilkan Tulus , Neonomora , Frau , dan Ten 2 Five
8|8|8|1|4|4|4|8|8|Dan kali ini , EXO kembali menggelar konser Exordium_EXO_Planet_3 di beberapa daerah bagian di Amerika Utara mulai akhir April nanti
8|8|8|1|2|2|4|6|6|T , Shaden ikut meramaikan acara The_90s_Festival di panggung Toped Stage
8|8|8|1|2|2|4|11|11|JAKARTA - BTS sukses mengobati kerinduan fans di Indonesia lewat konser Wings_Tour yang digelar Sabtu ( 29 / 4 / 2017 ) di Indonesia Convention Exhibition ( ICE ) , BSD City , Tangerang
8|8|8|1|9|9|4|0|0|SXSW bukanlah panggung musik dunia yang pertama kali dirasakan Shaggydog
8|8|8|1|0|0|4|10|10|Slank tampil sebagai band penutup Dynamic Stage - panggung terbesar Synchronize_Festival
9|9|9|1|8|8|4|20|20|Jakarta , CNN Indonesia - - Personel band Foo_Fighters Dave Grohl sempat meramalkan , penampilan Kanye West di festival musik Glastonbury , akhir pekan kemarin , bakal seramai aksi punk rock
8|8|8|1|5|5|4|2|2|Dalam perhelatan Synchronize_Fest_2017 nanti , Club_80s akan tampil di hari ketiga , yakni pada Minggu , 8 Oktober 2017 di hari yang sama dengan Teenage Death Star , The Brandals , Kelompok Penerbang Roket , Kla Project , dan sejumlah musisi lainnya
8|8|8|1|8|8|4|16|16|Pada Minggu ( 19 / 3 ) , Infinite menjadi salah satu bintang yang tampil dalam KCON_Mexico_2017
8|8|8|1|10|10|4|12|12|Kesha mulai kembali ke publik pada 2016 dengan tampil bersama Zedd di Coachella_Festival dan mengumumkan tengah menggarap album ke - tiga pada akhir tahun tersebut
8|8|8|1|11|11|4|16|16|Bagi mereka yang ingin bernostalgia dengan penyanyi 37 tahun ini , Shane akan menggelar konser bertajuk Right_Here di The Hall Senayan City , Jakarta , pada 14 Maret 2017
8|8|8|1|15|15|4|40|40|Doa para penggemar Shaggydog sepertinya terjawab , karena band yang beranggotakan Heru , Richard , Raymond , Bandizt , Lilik dan Yoyo ini sebentar lagi akan tampil di panggung musik kelas dunia , yaitu di festival seni dan hiburan , South_by_Southwest_(_SXSW_)
8|8|8|1|10|10|4|42|42|com - Grup vokal asal New York , AS , Duwende yang terdiri dari ED , Abbey , Neal , Ari , Derrick , dan Aaron berjanji untuk membahagiakan penonton dengan musik acapella yang akan mereka suguhkan selama tiga hari di panggung Java_Jazz_Festival yang digelar di JIExpo , Kemayoran , Jakarta , 2 - 4 Maret 2012
8|8|8|1|6|6|4|12|12|Tak hanya tampil secara grup , SNSD juga mempersembahkan penampilan spesial di Phantasia_Taiwan
8|8|8|1|22|22|4|54|54|The Groove yang beranggotakan Rieka ( Lead Vocal ) , Reza ( Lead Vokal ) , Arie Firman ( Bass ) , Ari ( Guitar ) , Tanto ( Keyboard Synth ) , Ali ( Piano ) , Rejos ( Perkusi ) , Detta ( Drum ) ini akan kembali bereuni di panggung musik 90s_Festival yang digelar Gambir Expo Kemayoran , Jakarta Pusat , pada 25 November 2017
8|8|8|1|5|5|4|11|11|Pihaknya berjanji membuat para penggemar 5_SOS antusias menyaksikan konser yang bertajuk Sounds_Live_Feels_Lives yang digelar di ICE , BSD City , Tangerang tersebut
8|8|8|1|0|0|4|6|6|Taylor_Swift Bikin Gempar Jepang Lewat Konser '1989_World_Tour'
9|9|8|1|3|3|4|13|13|LOS ANGELES - Jennifer_Lopez dan Drake jadi pembicaraan hangat saat menghadiri pesta bertajuk Winter_Wonderland_Prom di Las Vegas karena mereka tertangkap kamera berciuman
8|8|8|1|7|7|4|1|1|# Soundrenaline2017 masih berlanjut , dengan penampilan Maliq_D_Essentials , Endah Rhesa , Andien , Isyana Sarasvati , Naif , SRXBS ( Stars Rabbit X Bottle Smokers ) , Seringai , Andra The Backbone , Burgerkill , dan yang ditunggu - tunggu , Jet Main di A - Stage
8|8|8|1|21|21|4|6|6|JAKARTA - Ada yang spesial di Jakarta_International_Djarum_Super_MLD_Java_Jazz_Festival_(_JJF_)_2012 , yakni kolaborasi antara Jeff Lorber Jeff Pescatto dengan Menteri Perdagangan ( Mendag ) Gita_Wirjawan
8|8|8|1|7|7|4|15|15|com - Tahun lalu The Weeknd dan Selena_Gomez menjadi pasangan paling disorot dalam festival musik Coachella_2017
8|8|8|1|8|8|4|21|21|JAKARTA - Penyanyi senior , Harvey Malaiholo dan Vina_Panduwinata akan berkolaborasi melantunkan lagu hits Chrisye berjudul Kisah Insani pada konser bertajuk 3_Dekade_Cinta_Chrisye
9|9|8|1|7|7|4|20|20|Pada ramadan event yang diadakan di Theater JKT48 baru - baru ini pun ia mengungkapkan persiapan untuk konser yang bertajuk Kinal_Forever_Jean_de_Arc
8|8|8|1|3|3|4|40|40|Doa para penggemar Shaggydog sepertinya terjawab , karena band yang beranggotakan Heru , Richard , Raymond , Bandizt , Lilik dan Yoyo ini sebentar lagi akan tampil di panggung musik kelas dunia , yaitu di festival seni dan hiburan , South_by_Southwest_(_SXSW_)
8|8|8|1|25|25|4|3|3|Dalam konser bertajuk Mahakarya_Ahmad_Dhani_Dewa_19 ini , selain berkolaborasi dengan Lucky Laki , Bos Republik Cinta Manajemen ini juga menggandeng Mulan Jameela , Agnes Monica , Afgan , Judika , Vina Panduwinata , Titi DJ , Ari Lasso , Mahadewi , dan beberapa finalis Idol seperti Regina , Dion , dan Sean
8|8|8|1|6|6|4|8|8|Setelah merelease mini album pertamanya , GD memulai One_of_a_Kind_World_Tour dengan mengunjungi 9 negara dan 13 kota pada tahun 2013 dan mengumpulkan penggemar sebanyak 570
8|8|8|1|4|4|4|13|13|Bersama , Raisa x Isyana berhasil meraih standing applause dari para penikmat musik Indihome_Prambanan_Jazz_Festival_2017 Kapan Lagi
8|8|8|1|2|2|4|7|7|Selanjutnya , NCT_127 dijadwalkan tampil di acara KCON_2018_NY di Pudential Center , Newark , New Jersey pada 23 dan 24 Juni 2018
8|8|8|1|3|3|4|11|11|Selain itu , FLOW juga akan menggelar tur nasional Jepang bertema FLOW_LIVE_TOUR_2016 #10 mulai Februari 2016
9|9|8|1|11|11|4|14|14|Bahkan tadi malam ( 19 / 8 / 2017 ) , Rini asyik menikmati Prambanan_Jazz_Festival_2017 di Yogyakarta
8|8|8|1|6|6|4|11|11|Buat pecinta musik yang ingin menyaksikan Lorde dan James Bay di We_The_Fest_2018 sudah bisa membeli tiketnya di website resmi We The Fest 2018
9|9|8|1|8|8|4|12|12|SURABAYA - Sejumlah Musisi Jazz menggelar Tribute to Franky_Sahilatua dalam balutan acara Just_Jazz_Festival_2012
8|8|8|1|0|0|4|5|5|Padi_Reborn tampil di hari pertama Soundrenaline_2018 , Bali , Sabtu ( 8 / 9 ) petang
8|8|8|1|7|7|4|0|0|‘Prambanan_Jazz_Festival_2017’ Digelar 18-20 Agustus, Menghadirkan Shane Filan, Sarah_Brightman, dan Lain-lain
8|8|8|1|6|6|4|8|8|CO , Los Angeles - Penampilan Beyonce di Coachella_2018 menjadi pembicaraan publik
8|8|8|1|16|16|4|2|2|Konser bertajuk Romantic_Valentine_Concert_with_Michael_Learns_To_Rock_(_MLTR_) yang diadakan di Skeeno Hall , Gandaria City ini dibuka oleh penampilan dari Billy_Simpson , juara pertama The Voice Indonesia musim perdana
8|8|8|1|18|18|4|4|4|Di konser bertajuk " Air_Supply_The_Celebration_of_Love " yang digelar di Grand City itu , duo musisi Russell Hitchcock dan Graham_Russell akan membawakan 18 tembang nostalgia bertema cinta
8|8|8|1|13|13|4|16|16|Lebih jauh , Yura Yunita pun menjelaskan awal ide munculnya kolaborasi Yura dan Tuan_Tuan dalam gelaran LAFFestival_2018
8|8|8|1|0|0|4|10|10|Unlocking_The_Truth secara membanggakan akan tampil dalam festival musik kenamaan , Coachella
8|8|8|1|11|11|4|1|1|Kemeriahan The_90s_Festival diakhiri dengan penampilan band Dewa 19 yang berkolaborasi dengan Ari_Lasso sebagai vokalis
8|8|8|1|3|3|4|11|11|Saat ini , Efek_Rumah_Kaca sedang menyiapkan diri untuk tampil di ajang South_by_Southwest_(_SXSW_)_2018
9|9|8|1|15|15|4|6|6|Sementara itu Anas Syahrul Alimi dari Jogja_ROCKarta_Festival , selaku event consultant , mengatakan bahwa pihak Europe sudah memastikan akan hadir di Boyolali pada 12 Mei 2018 mendatang dalam acara Volcano Rock Festival
8|8|8|1|5|5|4|7|7|Aksi panggung Iqbaal bersama rapper GBrand di WTF_2018 ( Foto Cecylia Rura )
9|9|8|1|2|2|4|6|6|Sebelumnya , Zayn_Malik membatalkan tampil di The_Graham_Norton_Show
9|9|8|1|6|6|4|17|17|Siwon , salah satu personel boyband Super_Junior , mengatakan , persiapan yang dilakukan untuk menggelar tur konser SM_Town sangat matang
8|8|8|1|29|29|4|18|18|Band bergenre acid jazz yang dibentuk pada 1997 ini kembali muncul dalam formasi reuni setelah tampil di ajang Java_Jazz_2013 , dengan bergabungnya Yuke ( personel Dewa 19 ) dan Rieka_Roeslan
8|8|8|1|10|10|4|19|19|" Saya akan menampilkan the best performance , " kata Rhoma yang disambut riuh tepuk tangan hadirin jumpa pers Synchronize_Fest di kawasan Gatot Subroto , Jakarta Selatan , Rabu ( 19 / 10 / 2016 )
8|8|8|1|0|0|4|11|11|Avril memang pekan lalu kembali ke panggung menjadi bagian dari konser 1989_World_Tour dari Taylor Swift membawakan Complicated
8|8|8|1|10|10|4|12|12|Sementara , politikus Adhie Massardi yang hadir dalam mini konser Boedi_Djarot bertajuk Lawan mengatakan , karya yang dirilis sahabatnya itu sangat layak untuk didengar oleh masyarakat Tanah Air
8|8|8|1|13|13|4|19|19|YOGYAKARTA - Musik yang rancak dan gerakan yang atraktif mewarnai penampilan penyanyi muda Yura_Yunita dalam Konser Musik Humana bertajuk Break_The_Silence
8|8|8|1|15|15|4|28|28|com - Penyanyi tenor yang sudah malang melintang baik di dalam maupun luar negeri , Farman_Purnama , bersama The Resonanz Music Studio dan OTTAVA akan menggelar konser bertajuk Karena_Kau_Ada_untuk_Cinta_,_Kasih_dan_Persaudaraan
9|9|8|1|14|14|4|20|20|Sebelumnya , aplikasi Jaunt sudah lebih dulu bekerja sama dengan Mc Cartney saat personel The_Beatles tersebut melakukan konser bertajuk " Live_and_Let_Die " di San Francisco Candlestick Park
8|8|8|1|11|11|4|14|14|com - Menjadi satu kehormatan bagi Syahrini untuk selalu berkolaborasi dengan Rhoma_Irama di setiap perayaan_HUT_MNCTV
8|8|8|1|8|8|4|17|17|Ikut konser bareng Meghan Trainor Tahun ini , Charlie_Puth juga akan ikut dalam konser Meghan Trainor bertajuk MTrain_Tour dari bulan Juli - September
8|8|8|1|10|10|4|21|21|Jakarta , CNN Indonesia - - Presiden Indonesia ke tiga BJ_Habibie ikut mengisi konser tunggal perdana Bunga Citra Lestari yang bertajuk Its_Me , Rabu ( 1 / 3 )
9|9|9|1|24|24|4|3|3|Ditemui di konser Indonesian_Rock_Collaboration_Pagelaran_Musik_Lintas_Generasi di Rollingstone , Jakarta Selatan , aksi Rian dengan tabuhan drum - nya membuat sejumlah musisi seperti Ekki Soekarno , Donny_Katamsi , Eet Sjahranie ( Edane ) , Hendra Zamzami ( Edane ) angkat topi
8|8|8|1|6|6|4|0|0|The_Wings_Tour_2017_BTS_Live_Trilogy_Episode_III Boyband asal Korea Selatan , Bangtan_Boys , menggelar konser di Indonesia Convention Exhibition , Tangerang , pada Sabtu ( 29 / 4 ) malam
8|8|8|1|15|15|4|2|2|Pada acara Coachella yang digelar beberapa waktu lalu , Beyonce tampil bersama Kelly Rowland dan Michelle_Williams
8|8|8|1|1|1|4|4|4|Konser Kenny_G yang bertajuk One_Night_Only_Kenny_G_Live_in_Jakarta ini akan digelar di The Kasablanka , Mall Kota Kasablanka , Jakarta
8|8|8|1|8|8|4|22|22|com , Jakarta Grup musik asal Denmark , Michael_Learns_To_Rock_(_Ml_TR_) , kembali menggelar konser di Indonesia lewat rangkaian tur konser bertajuk Indonesia " Valentines_Tour_2016 " , di The Kasablanka , Mal Kota Kasablanka , Jakarta Selatan
8|8|8|1|0|0|4|9|9|Heize dilarikan ke rumah sakit setelah penampilannya di acara SBS_Gayo_Daejun_2017 , Seoul , Korea Selatan , Senin ( 25 / 12 ) malam waktu setempat
8|8|8|1|3|3|4|24|24|com - - Kronutz , seorang DJ dan produser musik asal Jakarta yang tampil misterius dengan memakai topeng pada wajahnya , dijadwal bakal mengguncang Djakarta_Warehouse_Project_(_DWP_) tahun ini yang akan digelar di JIEXPO Kemayoran , Jakarta , pada 11 - 12 Desember 2015 mendatang
8|8|8|1|19|19|4|24|24|com - Dalam rangka hari Sumpah Pemuda pada tanggal 28 Oktober 2016 kemarin , komposer dan konduktor kenamaan , Addie_MS menggelar sebuah konser bertajuk Simfoni_Pemuda di Aula Simfonia , Jakarta
8|8|8|1|6|6|4|11|11|Jakarta , CNN Indonesia - - Ariana_Grande bakal menggelar konser bertajuk One_Love untuk mengenang korban tragedi ledakan bom dalam konsernya di Manchester Arena pekan lalu
8|8|8|1|0|0|4|6|6|Echosmith Hingga Teza Sumendra akan Ramaikan We_The_Fest_2015
8|8|8|1|2|2|4|7|7|Dalam rangka EXO World Tour yang bertemakan EXO_PLANET_#2_THE_EXOlu_Xion , boyband asal Korea Selatan ini dipastikan menggelar konser di Jakarta
8|8|8|1|0|0|4|4|4|Trio_Lestari Joget Dangdut di 'Malang_Jazz_Festival_2016'
9|9|8|1|3|3|4|16|16|Pada 2009 , Oasis juga mendadak terpaksa membatalkan konser karena Noel Gallagher tampil dalam konser bertajuk Free_Tibet di New York
8|8|8|1|5|5|4|3|3|Tahun lalu , Jogja_Rockarta_Festival menghadirkan Dream_Theater dan God Bless sebagai band pembuka
9|9|8|1|28|28|4|2|2|Saat konser Honeymoon_Tour - nya di Independence Events Center pada tanggal 25 February 2015 , Grande telah menyanyikan sebuah lagu baru yang berjudul Adore yang merupakan kolaborasinya bersama Cashmere_Cat , yang sebelumnya telah memproduseri lagu Be My Baby dari album My Everything
8|8|8|1|6|6|4|3|3|Pada tahun ini Coachella akan menghadirkan Beyonce yang sempat tahun lalu tidak jadi tampil yang kemudian digantikan oleh Lady Gaga
8|8|8|1|15|15|4|21|21|CO , Jakarta - Kantor berita Yonhap , Selasa , melaporkan girl band Korea Selatan Twice akan berkonser dengan tajuk " TWICE_Land_-_The_Opening " di Olympic Park Seoul pada 17 - 19 Februari , menurut agensi TWICE JYP Entertainment
8|8|8|1|4|4|4|13|13|Sebelum album dirilis , SNSD akan melakukan pemanasan dengan menjadi bagian dari konser SMTOWN_LIVE_WORLD_TOUR_in_SEOUL pada tanggal 8 Juli
8|8|8|1|12|12|4|3|3|Juli lalu , DWP_2017 telah mengumumkan Flume , Marshmello , Tiesto , DVBBS , R3 HAB , Galantis , dan NWYR di fase pertama
8|8|8|1|8|8|4|6|6|Seperti pada hari pertama penyelenggaraannya , We_The_Fest menghadirkan Ramengvrl
8|8|8|1|28|28|4|18|18|Bupati Boyolali Seno Samodro mengatakan letusan freatik Gunung Merapi pada Jumat pagi secara kebetulan menjadi " pembuka " Volcano_Rock_Festival_2018 , konser rock berskala internasional dengan bintang tamu utama Europe dan God Bless , yang akan diselenggarakan di Stadion Pandanarang , Boyolali , pada Sabtu , 12 Mei
9|9|8|1|14|14|4|0|0|Tur_Flicker_Sessions merupakan konser besar pertama Niall setelah terakhir melakukan bersama - sama dengan anggota 1_D lain
8|8|8|1|0|0|4|9|9|Payung_Teduh kemudian menutup penampilannya selama 45 menit di panggung Synchronize_Fest_2017 dengan klimaks lagu fenomenal Akad
8|8|8|1|6|6|4|2|2|Tampil di Java_Jazz_2017, Tulus Duet dengan Sundari Soekotjo
8|8|8|1|0|0|4|7|7|James_Bay menutup setlist terakhirnya dengan sempurna dalam We_The_Fest_2018 , benar - benar membuat kami susah untuk Let It Go
8|8|8|1|6|6|4|14|14|ID , YOGYAKARTA - - Solois Yura_Yunita merasa sangat senang bisa tampil di gelaran Prambanan_Jazz_Festival_2017
8|8|8|1|21|21|4|29|29|BANDUNG - Setelah sukses mengisi konser di Prambanan Jazz Festival di Candi Prambanan , Yogyakarta , penyanyi pria asal Irlandia , Shane_Filan kembali menggelar konser promo album barunya bertajuk LOVE_ALWAYS_TOUR_2017 di Kota Bandung , Sabtu 19 Agustus 2017
8|8|8|1|7|7|4|21|21|Sapaan kepada ELF , sebutan bagi penggemar Super_Junior , diberikan usai mereka menyanyikan lagu ke - delapan di konsernya yang bertajuk Super_Show_6
8|8|8|1|6|6|4|19|19|Jakarta , CNN Indonesia - - Band_rock_Guns_N_Roses sempat manggung bareng dengan vokalis AC / DC , Angus Young di pentas_Coachella pada Sabtu ( 16 / 4 ) waktu setempat
8|8|8|1|18|18|4|27|27|com - Berangkat dari Handmade Showcase yang digelar pada bulan April lalu bersamaan dengan launching album HANDMADE , Raisa bersama Juni Concert akan mempersembahkan pagelaran spesial bertajuk OPPO_Raisa_Handmade_Tour
8|8|8|1|29|29|4|2|2|Dalam perhelatan Synchronize_Fest_2017 nanti , Club 80s akan tampil di hari ketiga , yakni pada Minggu , 8 Oktober 2017 di hari yang sama dengan Teenage Death Star , The_Brandals , Kelompok Penerbang Roket , Kla Project , dan sejumlah musisi lainnya
9|9|9|1|2|2|4|6|6|Sebelumnya , Kanye membatalkan konsernya , Saint_Pablo_Tour pada tahun lalu karena sakit
8|8|8|1|20|20|4|9|9|com , Jakarta Berawal dari sebuah jam session di Sanur_Village_Festival tahun lalu , dua kelompok musik Dialog Dini Hari dan Endah_N_Rhesa memutuskan untuk berkolaborasi
8|8|8|1|8|8|4|12|12|Jakarta Grup musik Java Jive dan musisi solo Fariz_RM tampil berkolaborasi di Java_Jazz_Festival_2018 pada sesi terakhir hari kedua
8|8|8|1|2|2|4|6|6|Raisa dan Sheila_On_7 sukses hibur pengunjung JakCloth_Summer_Fest_2013
8|8|8|1|12|12|4|10|10|TANGERANG - Sukses menyanyikan lagu Bunga Terakhir saat menutup konser Super_Show_6_Super_Junior_World_Tour_In_Jakarta , Ryeowook Super Junior ( Suju ) berencana me - remake lagu tersebut
8|8|9|1|16|16|4|20|20|Jakarta , CNN Indonesia - - Personel band Foo Fighters Dave Grohl sempat meramalkan , penampilan Kanye_West di festival musik Glastonbury , akhir pekan kemarin , bakal seramai aksi punk rock
8|8|8|1|22|22|4|12|12|Sementara itu baru - baru ini di program musik akhir tahun , SBS_Gayo_Daejun pada Minggu ( 29 / 12 ) kemarin , Girls_Day menampilkan lagu milik idol grup A Pink yang berjudul No No No sekaligus lagu Expectation milik mereka
8|8|8|1|3|3|4|0|0|Soundrenaline_2017 ditutup oleh Sheila_On_7 menjadi band yang paling menyedot perhatian
8|8|8|1|30|30|4|44|44|SCANDAL , grup band cewek beraliran musik pop / rock berasal dari Osaka , Jepang , akan tampil di Jakarta , Marygops Studios setelah berhasil mendatangkan band legendaris asal Jepang L_Arc_-_en_-_Ciel ( Laruku ) pada bulan Mei 2012 lalu , selanjutnya dengan bangga mempersembahkan SCANDAL_LIVE_IN_JAKARTA pada hari Rabu , tanggal 13 Maret 2013 bertempat di Tennis Indoor Senayan Jakarta
8|8|8|1|1|1|4|55|55|Vokalis Bragi , Rainaldi Hutomo alias Aldi , mengatakan agar penampilan mereka maksimal nanti , ia bersama Rendi ( gitar ) dan Echa ( drum ) menghafal lagi hits mereka " Hafalin lagi lagu - lagunya karena kami udah lumayan lama enggak di panggung yang besar ya , " kata Aldi dalam konferensi pers festival The_90s_Festival di Foodism , Kemang , Jakarta Selatan , Selasa ( 14 / 11 / 2017 )
8|8|8|1|20|20|4|4|4|Rasanya tak berlebihan jika CNBLUE_BLUE_MOON_WORLD_TOUR_IN_JAKARTA menjadi salah satu konser artis K - Pop tersukses di Indonesia dan seperti yang dikatakan Yong_Hwa pada sesi jumpa pers sebelumnya kami ingin membuat kenangan manis di Indonesia
8|8|8|1|31|31|4|2|2|Kelak menggelar The_One_Hell_of_a_Nite_Tour sepanjang musim panas di 25 kota di AS , Chris juga membawa serta sahabat - sahabatnya yang lain sebagai bintang tamu , dari Kid Ink , Omarion , Fetty_Wap sampai Teyana Taylor
8|8|8|1|5|5|4|11|11|2 PM Gambas Youtube Saat 2_PM menggelar konser mereka yang bertajuk GO_CRAZY_WORLD_TOUR_JAKARTA di Indonesia pada 2015 lalu , para member 2 PM menyanyikan lagu milik RAN yang berjudul Dekat Di Hati
8|8|8|1|11|11|4|20|20|Jakarta , CNN Indonesia - - Girlband vokal asal AS , Fifth_Harmony siap menggelar konser perdana di Indonesia yang bertajuk Fifth_Harmony_PSA_Tour_2018 pada 12 Maret 2018
9|9|9|1|13|13|4|5|5|Seniman Indonesia yang hadir di Oz_Asia_Festival adalah Ega Robot , Eko Nugroho , Eko_Supriyanto , Melati Suryodarmo , Mess 56 , Papermoon Puppet Theatre , Riau Rhythm , Samba Sunda , Teater Garasi , Topeng Losari , dan lain - lain
8|8|8|1|0|0|4|8|8|Psy akan menyanyikan lagu terbarunya Gentlement dalam konser Happening pada 13 April mendatang
8|8|8|1|48|48|4|22|22|Selain bintang - bintang untuk special show , JJF 2018 juga mengundang sejumlah bintang tamu andalan yang baru diumumkan dalam konferensi pers Java_Jazz_Festival_2018 di antaranya Matthew Whitaker , musisi difabel multitalenta yang mampu memainkan ragam elemen musik , BJ Chicago Kids , Jhene Aiko , Big Band dan Dionne_Warwick
8|8|8|1|29|29|4|6|6|Konser musik K - Pop bertajuk Spring_is_Coming menampilkan artis papan atas Korea Selatan , diantaranya penyanyi lawas Cho Yong - pil , Lee Sun - hee , bintang rock Yoon_Do_-_hyun dan penyanyi Baek Ji - young , serta girl band K - pop Red Velvet
8|8|8|1|17|17|4|3|3|Tahun lalu , Saranghaeyo_Indonesia atau disingkat SHI menampilkan Akdong Musician ( yang saya suka banget ) , NELL , dan Taeyang
9|9|8|1|2|2|4|7|7|Namun , Foo_Fighters sangat ingin tampil di Glastonbury_Festival
9|9|8|1|7|7|4|18|18|Tahun lalu , di bulan November , 2_NE1 juga sempat membatalkan konser tunggal mereka di Jakarta yang bertajuk New_Evolution , dan kali ini bukan hanya 2 NE1 yang batal datang ke Indonesia , namun juga ke - 15 pengisi acara lainnya yang rencananya akan memeriahkan konser M Countdown Halo Indonesia
9|9|8|1|12|12|4|0|0|Asia_Tour_Phonograph Ryeowook menyanyikan dua lagu Indonesia , yakni lagu Separuh Aku milik NOAH dan Bunga Terakhir milik Bebi Romeo
8|8|8|1|2|2|4|0|0|Mega_Konser_Padi_Reborn menghadirkan Padi dalam formasi utuh yang membawakan sejumlah lagu lawas yang pernah menjadi hits mereka di RCTI , Jumat ( 10 / 11 / 2017 )
8|8|8|1|1|1|4|11|11|Bagi Martin_Garrix , ini merupakan penampilan kali kedua setelah tampil di Djakarta_Warehouse_Project_2014
8|8|8|1|46|46|4|2|2|Malam terakhir Ubud_Jazz_Festival_2017 menghadirkan Bonny Trio , Samy Thiebault Trio , Yuri Mahatma feat Nesia Ardi , Underground Jazz Movement , Maaike Den Dunnen , The Benny Likumahuwa Jazz Connection , Koko Harsoe , Gerald Clayton Trio , Balawan Batuan Ethnic , David Manuhutu Quartet dan Glen_Bucschmann Jazz Academy
8|8|8|1|38|38|4|15|15|Jakarta , CNN Indonesia - - Selain musisi pop dan jazz dalam negeri , perhelatan Java_Jazz_Festival_(_JJF_)_2016 yang diselenggarakan di JIEXpo Kemayoran , Jakarta , Jumat ( 4 / 3 ) juga dimeriahkan oleh artis mancanegara , salah satunya Robin_Thicke
9|9|8|1|2|2|4|9|9|Penabuh drum Slank , Bimbim , mengatakan konser bertajuk Revolusi_Bunga ini akan menjadi persembahan bagi perempuan - perempuan ber - high heels
8|8|8|1|9|9|4|15|15|com , Balige Musisi Vicky Sianipar mendaulat penyanyi rock Andy_Rif menyanyikan lagu Batak pada konser Surya_16_Tour di lapangan Karsitek Balige , Kabupaten Toba Samosir , Sumatra Utara , Ahad ( 29 / 4 ) malam
8|8|8|1|3|3|4|20|20|Line Up utama Nick_Murphy ( sebelumnya Chet Faker ) , musisi dari Australia ini , benar - benar dinantikan di Sunny_Side_Up
8|8|8|1|4|4|4|31|31|com - - Pemusik Viky_Sianipar ( 41 ) dan Tongam Sirait , penyanyi yang juga pemusik dari kawasan Danau Toba , tampil di hadapan kira - kira 15 ribu penonton di Open_Stage_Tuktuk_Siadong , Kabupaten Samosir , Sumatera Utara , Sabtu ( 12 / 8 / 2017 ) malam
8|8|8|1|7|7|4|31|31|Hanya beberapa jam setelah pengumuman itu , Axl naik panggung bersama Slash dan Duff Mc Kagan dari Guns N Roses bersama gitaris sekaligus pendiri AC / DC Angus Young di konser Coachella
9|9|8|1|2|2|4|10|10|Pembatalan penampilan Halsey itu disampaikan lewat akun Instagram festival musik Sunny_Side_Up_(_SSU_)
